parentid,childid,body,category
4,5,通年ではハイテク株の多いナスダック指数が最も成績がよく9.8％の値上がり,00001000000
4,14,年間ではエクソンが22％強、シェブロンが約27％、値上がりした,00001000000
62,4,日銀は12月に景気判断を下方修正し、景気循環メカニズム自体が弱まっているとの見方に傾いているが、一方で消費者物価指数（CPI）は原油高の影響もあり上昇傾向に転じている,00001000000
85,4,日銀は12月に景気判断を下方修正し、景気循環メカニズム自体が弱まっているとの見方に傾いているが、一方で消費者物価指数（CPI）は原油高の影響もあり上昇傾向に転じている,00001000000
105,3,また「消費者物価指数（CPI）も高水準にある,00001000000
134,1,ニューヨークが下がると東京がそれを超えて値下がりする,00001000000
180,5,全米リアルター協会（NAR）が発表した11月の住宅販売保留指数は、前月比で低下した,10001000000
194,4,ハイオクは165.2円となり、前回の165.9円から、灯油店頭価格も18リットル当たり1753円と、前回の1755円から、ともに値下がりした,00001000000
331,8,日銀は金融政策運営に当たり、中長期的にみて物価が安定していると各政策委員が理解する物価上昇率（中長期的な物価安定の理解）を、CPIの前年比で0─2％程度と公表している,00001000000
356,1,消費者物価指数（CPI）はようやく上昇基調を鮮明にしつつあるが、石油製品の値上がりによるもので、むしろ賃金の抑制傾向が続く局面では、景気に対する負の側面が強いと判断している,00001000000
356,6,現在のCPIの上昇は石油製品の値上がりによるもので、需給ギャップのタイト化によるものではないためだ,00001000000
356,9,唯一、生活必需品の値上がりをきっかけとしたインフレ期待の高まりが気がかりだが、これについても賃金の上昇期待が膨らまない中では、消費抑制景気減速という負の側面が強く、結局、景気に配慮した政策運営が続きそうだ,00001000000
363,8,14日の週は、卸売物価指数（PPI）や消費者物価指数（CPI）、小売売上高、住宅着工件数、企業在庫など主要指標の発表もあり、注目材料となる見通し,10001000000
538,13,「物価見通し」については、日ごろ購入するものについて、今後1年間の物価上昇率について聞いている,00001000000
548,10,物価は、「石油製品及びその他特殊要因を除く総合指数」（いわゆるコアコア指数）で基調を判断することとし、引き続きゼロ近傍で推移しているため、物価の基調は「横ばい」で据え置いたが、食料品や石油関連製品などの値上がりは個人消費に直接影響を与えかねないため、生鮮食品を除く総合指数（いわゆるコア指数）で11月に0.4％の上昇となったことも踏まえ、「このところ石油製品を中心に上昇している」と付け加えた,00001010000
551,1,08年の消費者物価指数（CPI）上昇率については、07年の4.8％（推定）から4.5％にやや低下する見通しとした,00001000000
561,4,ゼネラルエレクトリック（GE）(GE.N)やIBM(IBM.N)の好決算、予想を上回る1月ミシガン大消費者信頼感指数（速報値）で、相場は一時上昇する場面もみられた,00001000000
565,2,一方、日本では消費者物価指数（CPI）の伸びが拡大する見通しだが、円買いは限定的とみられている,00001000000
573,7,11月の消費者物価指数（CPI）は前年比6.9％上昇,00001000000
573,8,食品の大幅な値上がりで過去11年で最も高い上昇率となった,00001000000
581,4,11月の消費者物価指数（CPI）は、豚肉、野菜など食品の大幅な値上がりで、前年比上昇率が過去11年で最大となった,00001000000
609,3,欧州とアジアの株式市場が大幅に値下がりし、国債など最も安全かつ流動性が高い資産に投資資金が集まった,00101000000
719,4,ただ、「この傾向が一時的ならばそれほど大きな問題にならないと思うが、このような状況が長引くか、さらに株価の値下がりが続くと近い将来に実体経済は影響を受ける,00101000000
750,8,12月の消費者物価指数（CPI）上昇率は前年比6.5％,00001000000
798,0,大田弘子経済財政担当相は25日の閣議後の会見で、内閣府が物価基調を判断するために重視する石油製品その他特殊要因除く消費者物価指数（コアコアCPI）が12月に前年同月比プラス0.2％とプラス転換したことを明らかにした,00001000000
801,4,その上で金利政策は、各国がそれぞれ固有の事情に応じて判断しており、日本については「当面、経済が減速する中でCPI（消費者物価指数）は高めに推移していく」との見方を示した,00001000000
814,8,12月の消費者物価指数（CPI）上昇率は前年比6.5％,00001000000
901,7,S&P金融株指数は2％上昇し、同指数の構成銘柄では値上がりと値下がりの割合が6対1だった,00001000000
915,4,石油製品、一部食品など値上がりが著しい商品に対しては買い控えも見られたという,00001000000
1103,3,メリルリンチは、仮に1月の消費者物価指数が悪天候による食料不足を背景に急上昇しても、人民銀行が利上げを行う公算は小さいとしており、同氏はこの見方を繰り返した,00001000000
1172,2,一方、電力の復旧した地域でも、豚肉や米、野菜などの価格が大幅に値上がりするという問題を抱えており、生活必需品の値段が倍以上になっているケースもあるという,00001000000
1174,5,世界経済の状況を踏まえると、オーストラリア準備銀行（RBA、中央銀行）は4月の消費者物価指数（CPI）データを待つ可能性があり、その場合は5月に行動するだろう,00001000000
1213,2,9時45分現在の東証1部騰落数は、値上がり79に対し、値下がりは1602とほぼ全面安,00001000000
1227,11,東証1部は値下がり1630に対して値上がりはわずか61銘柄にとどまった,00001000000
1252,7,値上がりはわずか60銘柄,00001000000
1275,2,福井総裁は、リスク要因としての原油価格高騰について「物価上昇率あるいはインフレ期待を押し上げる要因になるが、同時にさまざまな所得移転を伴って経済全体に対して押し下げ圧力をもたらす」として「他のリスク要因に比べると非常に精密な分析と冷静な判断が必要だ」と指摘,00001000000
1299,15,ユーロ圏では賃金インフレへの懸念が根強く、1月の消費者物価指数（CPI）も前年比プラス3.2％と1997年のユーロ圏での統計開始以来の高い伸びを記録した,00001000000
1383,11,今週発表が予定されているのは、小売売上高、鉱工業生産、新規失業保険申請件数、米ミシガン大消費者信頼感指数（速報値）など,10001000000
1412,4,ただ、原油価格はこのところ値上がりしており、EIAは、今後も原油高が続き、消費者に転嫁されれば、ガソリンの値下がりは長続きしない可能性があると指摘している,00001000001
1460,0,日銀が発表した1月の企業物価指数（CGPI）速報によると、国内企業物価指数は前年比3.0％上昇の105.6（2005年＝100.0）となり、12月の同2.6％上昇から伸び率が拡大した,00001000000
1471,17,欧州のブランド品など輸入品の値上がりで、買い控えがみられる」（松屋）、「宝飾品、アクセサリーの高値のものの動きが鈍くなっているが、その（株安）影響なのか、天候の影響なのか、見極めが難しい」（京王）との指摘も出ており、株安や景気の先行き不透明感の購買意欲に与える影響については見方が分かれている,00101000000
1514,11,足元でガソリンや食料品の値上がりが消費者のマインドを悪化させている」と指摘,00001000000
1568,7,消費者物価指数（除く生鮮食品、コアCPI）の前年比については「石油製品や食料品の価格上昇などから、プラス幅が拡大している」として、1月の「プラスとなっている」から修正した,00001000000
1575,4,＜物価上昇のもとでの金利据え置き、足もと緩和効果出ていない＞原材料高などで物価が上昇してくれば、日銀が利下げをせずともある程度実質金利の低下を通じて経済にプラスの効果が出るとの見方もあるが、福井総裁は「消費者物価指数（CPI）が前年比ゼロ％近傍から最近では0.8％程度まで上昇してきたことから、計算上は実質的な金融緩和効果が高まっているのだが、本当は、期待インフレ率、そして企業の収益率との対比でみて計算しなければならない,00001000000
1577,12,＜CPIを0.03％上昇、1世帯当たり1カ月72円の支出増＞農水省は、麦製品の小売価格に占める原料麦代金の割合を基に、消費者物価指数（CPI）を0.03％程度上昇させると試算,00001000000
1582,1,2月の米ミシガン大消費者信頼感指数（速報値）が16年ぶりの低水準となったことや、家電小売大手ベストバイ(BBY.N)の利益見通し引き下げたことで、個人消費に対する懸念が広がった,00001010000
1601,0,18日からの週のニューヨーク市場では、消費者物価指数（CPI）や住宅関連指標、米連邦公開市場委員会（FOMC）議事録などの発表に注目,00001000000
1617,1,15日の米国株式市場は、2月の米ミシガン大消費者信頼感指数（速報値）が16年ぶりの低水準となったことなどで個人消費をめぐる懸念が広がり、ダウ工業株30種が0.2％下落したが、18日のアジア市場では、景気減速を切り抜けると予想される銘柄に買いが入っている,00001010000
1618,7,インフレ期待がさらに強まっているため、以前に比べ、PPIから消費者物価指数（CPI）に波及しやすくなっている」と指摘した,00001000000
1650,12,DICは、グローバルストラティージックエクイティーズファンド（GSEF）という名称のファンドを通じ、株価が過小評価されている企業にマイノリティー投資を行い、値上がりによる利益を追求している,00101000000
1651,1,この日発表された1月の中国の消費者物価指数（CPI）が過去11年余りで最も高い水準を記録したことを受け、中国当局は今年、人民元の急速な上昇を容認せざるを得なくなるとの見方が強まっている,00001000000
1652,0,中国国家統計局が19日発表した1月の中国の消費者物価指数（CPI）は、前年同月比7.1％上昇した,00001000000
1668,4,調査品目は、原油や穀物類の値上がりを反映しやすいガソリン、灯油、スパゲッティ、即席めんなど17品目が選ばれた,00001000001
1681,6,米国はきょう、1月の住宅着工件数や1月の消費者物価指数、1月の実質所得など複数の経済指標の発表を控えている,10001000000
1739,3,金融緩和による余剰資金の受け皿として原油や貴金属などの商品市場が意識され、21日も値上がりが続いた,00001000001
1795,3,米国の経済指標では、1月の中古住宅販売（25日）、12月のS&Pケースシラー住宅価格指数（26日）、消費者信頼感指数（26日）、新築住宅販売（27日）、1月の耐久財受注（27日）、第4四半期の米GDP（28日）等の発表が予想されている,10001000000
1822,9,FRBの懸念を裏付けるように、20日に発表された1月の消費者物価指数（CPI）は前年比4.3％上昇,00001000000
1871,0,米大手民間調査機関のコンファレンスボード（CB）が26日発表した2月の消費者信頼感指数は75.0と1月の87.3（下方修正）から低下し、5年ぶり水準となった,00001000000
1871,7,消費者信頼感指数、期待指数は前月比でともに、ハリケーン「カトリーナ」後の2005年9月以来の大幅な低下となった,00001000000
1872,0,スタンダードアンドプアーズ（S&P）／ケースシラーが26日発表したデータによると、12月の米一戸建て中古住宅価格は、主要10都市圏の価格動向を示す指数が前月比2.3％低下、前年同月からは9.8％低下した,00001000000
1879,10,副総裁は、インフレ期待が過度に高まれば、消費者物価指数（CPI）の伸びを2％目標に戻すことが一段と困難になる恐れがあるとした,00001000000
1888,0,米大手民間調査機関のコンファレンスボード（CB）が発表した2月の消費者信頼感指数は、労働市場の悪化を受け期待指数が17年ぶりの水準に低下,00001000000
1888,5,2月の消費者信頼感指数は75.0で、エコノミスト予想を大幅に下回り、5年前のイラク開戦時以来の低水準となった,00001000000
1921,15,インフレ圧力の一因となっている石油など商品市況の値上がりで、資源国通貨が上昇,00001000000
1966,11,住宅価格の下落は個人消費の減退を招く可能性がある一方で、家賃の値上がりを通じてインフレ高進につながる恐れもあるとした,00001010000
1966,13,結果として賃貸が代替として進み、これが家賃に対する圧力となり、ひいては家賃の値上がりにつながる可能性が生じる」とした,00001000000
1980,0,物価動向では、今朝発表された1月の全国コアCPI（消費者物価指数）は前年比0.8％上昇,00001000000
1980,1,内閣府が物価の基調を判断するうえで重視する石油製品その他特殊要因除く消費者物価指数（コアコアCPI）も前年比0.2％上昇し2カ月連続でプラスとなった,00001000000
2056,9,前週29日に発表された2月米ミシガン大消費者信頼感指数が16年ぶり、2月シカゴ地区購買部協会景気指数も6年ぶりの低水準となる一方、1月個人消費支出（PCE）価格指数は事前予想を上回り「インフレと景気減速が同時に強まるスタグフレーション懸念が一気に強まった」（都銀）という,10001000000
2083,3,原油や穀物価格が上昇傾向にあることに関し「値上がりのピッチが速いので、消費に与える影響が大変懸念される」と述べた,00001000001
2084,3,原油や穀物価格が上昇傾向にあることに関し「値上がりのピッチが速いので、消費に与える影響が大変懸念される」と述べた,00001000001
2098,9,今後は、4月23日に発表される第1四半期の消費者物価指数（CPI）統計がカギとなる,00001000000
2177,7,中国国家発展改革委員会（NDRC）の馬凱主任は、2008年の中国の消費者物価指数（CPI）を前年比4.8％上昇とする目標について、達成への決意を明らかにするとともに、達成に向けて適切な状況にあり、適切な措置を備えているとの考えを示した,00001000000
2203,10,ECBスタッフ予想によると、欧州連合基準の消費者物価指数（HICP）は08年が2.6─3.2％,00001000000
2225,5,消費者物価指数（除く生鮮食品）動向に関しては「当面は、石油製品や食料品の価格上昇などから、またより長い目でみると、マクロ的な需給ギャップが需要超過方向で推移していく中、プラス基調を続けていくと予想される」として、これまでの判断を変えなかった,00001000000
2229,9,消費者物価指数（除く生鮮食品）動向に関しては「当面は、石油製品や食料品の価格上昇などから、またより長い目でみると、マクロ的な需給ギャップが需要超過方向で推移していく中、プラス基調を続けていくと予想される」として、これまでの判断を変えなかった,00001000000
2254,6,来週は、11日に3月の独ZEW現況指数、景気期待指数、1月米貿易収支、3月9日までの週のABC／WP消費者信頼感指数、12日に1月ユーロ圏鉱工業生産、米住宅ローン指数、13日に2月の米輸出入物価、3月8日までの週の米新規失業保険申請件数、2月の米小売売上高、14日に2月の独及びユーロ圏2月CPI改定値、米2月のCPI，米3月ミシガン大消費者信頼感指数などが発表される,00001000000
2324,7,国内経済も「住宅投資の落ち込みに加え、エネルギー原材料高などを背景とする中小企業の収益環境の悪化、生活関連物資の値上がりなどリスク要因が少なくない」とした,00001000000
2327,0,中国国家統計局が11日発表した2月の中国の消費者物価指数（CPI）は前年同月比8.7％上昇した,00001000000
2328,0,中国国家統計局が11日発表した2月の中国の消費者物価指数（CPI）は前年同月比8.7％上昇した,00001000000
2346,3,日銀の稲葉延雄理事は11日夜会見し、協調措置の背景について「国際金融市場は証券化商品の値下がりなどが引き続き起こっており、不安定な状況がある,00001000000
2358,0,日銀が12日に発表した2月の企業物価指数（CGPI）速報によると、国内企業物価指数（2005年＝100.0）は前年比3.4％上昇の106.0となり、1月の同3.0％上昇から伸び率が拡大した,00001000000
2368,15,今回の数字については市場参加者からは「10―12月期実質GDP2次速報、2月の企業物価指数（CGPI）、いずれも市場予想を上回った,00001000000
2369,0,日銀が12日に発表した2月の企業物価指数（CGPI）速報によると、国内企業物価指数（2005年＝100.0）は前年比3.4％上昇の106.0となり、1月の同3.0％上昇から拡大した,00001000000
2381,10,「物価見通し」については、日ごろ購入するものについて、今後1年間の物価上昇率について聞いている,00001000000
2449,0,中国国家統計局の林賢郁副局長は、消費者物価指数（CPI）が2008年下期に鈍化するとの見通しを示した,00001000000
2567,5,東証1部騰落数は値上がり1099銘柄に対し、値下がりは532銘柄,00001000000
2569,1,西村候補は、足元の経済について、減速しつつも緩やかな拡大を続けているとしながらも、同時にサブプライムローン（信用度の低い借り手向け住宅ローン） 問題に端を発した国際金融市場の動揺や原材料高を背景とする中小企業の収益環境悪化や、ガソリンや食料品などの値上がり、また米経済の減速傾向の強まりなど、数多くのリスク要因を抱えていると指摘,00001000000
2608,5,東証1部騰落数は値上がり1521銘柄に対し、値下がりは149銘柄,00001000000
2661,3,エコノミストからは「ガソリン価格の上昇に加えて、携帯電話料金の値下げの影響が一巡することも物価上昇率を押し上げる要因となろう」（信金中金総研）、「前年比ではエネルギーがプラス0.75％ポイント、食料工業製品がプラス0.19％ポイント程度の押し上げ寄与となり、全国コア前年比はプラス1.0％に乗せる見込み」（みずほ総研）などの指摘が出ている,00001000000
2664,5,東証1部騰落数は値上がり1449銘柄に対し、値下がりは220銘柄,00001000000
2674,4,「現在、日本経済は国際金融市場の動揺や世界経済の減速、エネルギー原料価格高騰による中小企業の収益環境の悪化や生活関連物資の値上がりなど、内外とも多くのリスク要因不確定要因を抱えている,00001000000
2705,4,東証1部騰落数は値上がり874銘柄に対し、値下がりは729銘柄,00001000000
2711,6,ダイエーの株価は、2007年1月30日に付けた昨年来高値1809円から大きく値下がりして推移、24日は556円で取引を終えた,00101000000
2731,6,ダイエーの株価は、2007年1月30日に付けた昨年来高値1809円から大きく値下がりして推移、24日は556円で取引を終えた,00101000000
2737,2,白川副総裁は、日本経済について「国際金融市場の動揺や世界経済の減速、エネルギー原材料高による中小企業の収益悪化や生活関連物資の値上がりなど、内外ともに多くのリスク要因を抱えている」と指摘,00001000000
2741,5,東証1部騰落数は値上がり1319銘柄に対し、値下がりは324銘柄,00001000000
2747,7,白川副総裁は、日本経済について「国際金融市場の動揺や世界経済の減速、エネルギー原材料高による中小企業の収益環境の悪化や生活関連物資の値上がりなど、内外ともに多くのリスク要因を抱えている」と指摘,00001000000
2752,0,米大手民間調査機関のコンファレンスボード（CB）が25日発表した3月の消費者信頼感指数は64.5で、2月の76.4（上方修正）から低下し、2003年3月以来の低水準となった,00001000000
2755,1,1月の主要20都市圏の価格動向を示す指数は180.65と前月から2.4％低下した,00001000000
2755,6,主要10都市圏の価格動向を示す指数は196.06で前月比2.3％低下,00001000000
2785,5,東証1部騰落数は値上がり700銘柄に対し、値下がりは912銘柄,00001000000
2824,5,東証1部騰落数は値上がり684銘柄に対し、値下がりは934銘柄,00001000000
2834,2,銀行間金利の上昇を抑制することが狙いとみられ、朝方の欧州株式市場は3中銀の措置などを好感して値上がりしている,00001000000
2852,0,内閣府は28日、2月の石油製品その他特殊要因除く消費者物価指数（コアコアCPI）が前年同月比プラス0.32％となったとの試算を発表した,00001000000
2856,6,内閣府が物価の基調を判断するため独自試算している2月の石油製品その他特殊要因除く消費者物価指数（コアコアCPI）も前年同月比プラス0.3％となり、3カ月連続で上昇,00001000000
2865,5,東証1部騰落数は値上がり1215銘柄に対し、値下がりは393銘柄,00001000000
2922,10,東証1部騰落数は値上がり305銘柄に対し、値下がりは1359銘柄,00001000000
2935,5,欧州中央銀行（ECB）は物価安定の基準を消費者物価指数の前年比上昇率が中期的に2％に近く、かつそれを下回る水準と定義しており、一時的な物価上昇を予想しているが、成長鈍化にも直面しており、市場では主要政策金利が現行の4.0％から年内には引き下げられるとみられている,00001000000
2964,5,東証1部騰落数は値上がり1145銘柄に対し、値下がりは490銘柄,00001000000
2996,4,東証1部騰落数は値上がり1474銘柄に対し、値下がりは187銘柄,00001000000
3010,0,信託協会会長に就任した中央三井トラストホールディングス(8309.T)の田辺和夫社長はロイターとのインタビューで、地価の動向について都心のオフィスビル用地の価格は現在の水準が底となり、これ以上の値下がりはないだろうとの見通しを示した,00001000000
3036,5,東証1部騰落数は値上がり952銘柄に対し、値下がりは627銘柄,00001000000
3044,8,高インフレの主要因は、原油や食品など国際商品市況の急激な値上がりにあるが「価格は向こう1年で抑制されインフレ全体も鈍化傾向をたどると予想する,10001000001
3044,9,これは先物市場の価格動向に沿っている」と述べた,00001000000
3066,8,総務省では、生鮮食品を除く消費者物価指数（CPI）の調査は、毎月12日を含む週の水曜、木曜、金曜に行っている,00001000000
3068,5,東証1部騰落数は値上がり458銘柄に対し、値下がりは1167銘柄,00001000000
3074,8,他の画面サイズでも昨年5月までは概ね価格下落してきたが、昨年5月以降は値上がりするケースが多くみられた,00001000000
3088,6,記憶する限りただ同然だったパセリでさえ、3倍に値上がりした」と話している,00001000000
3120,5,東証1部騰落数は値上がり1169銘柄に対し、値下がりは445銘柄,00001000000
3156,1,白川総裁候補は、日本経済について「国際金融市場の動揺、世界経済の減速、エネルギー原材料高に伴う中小企業の収益環境悪化、生活関連物資の値上がりなど、内外に多くのリスクを抱えている」との認識を示した,00001000000
3161,1,一方、3月の消費者物価指数（CPI）上昇率は高水準にとどまると予想されている,00001000000
3164,5,東証1部騰落数は値上がり339銘柄に対し、値下がりは1288銘柄,00001000000
3171,5,日銀が3日発表した3月の「生活意識に関するアンケート調査」によると、1年後の物価が「かなり上がる」「少し上がる」とみている消費者が全体の9割弱に上り、身の回り品の値上がりが消費者の心理に影響を与えていることがあらためて浮き彫りになった,00001000000
3171,6,こうした状況について白川総裁候補は、食料品の値上がりなどが背景にあるとの見方を示したが、同時に2月全国消費者物価指数（除く生鮮食品）が前年比1.0％の上昇にとどまっていることから「以前と比べると上がっているが、どんどん上がる状況ではない」とも指摘、引き続き物価動向を注視していく姿勢を示した,00001000000
3171,7,日銀は、中長期的にみて物価が安定していると各政策委員が理解する物価上昇率（中長期的な物価安定の理解）について、消費者物価指数（CPI）の前年比で0─2％程度、中心値は概ね1％前後と公表している,00001000000
3207,4,東証1部騰落数は値上がり378銘柄に対し、値下がりは1245銘柄,00001000000
3251,5,東証1部騰落数は値上がり210銘柄に対し、値下がりは1450銘柄,00001000000
3274,0,日銀が11日に発表した3月の企業物価指数（CGPI）速報によると、国内企業物価指数（2005年＝100.0）は前年比3.9％上昇の106.7となり、2月の同3.6％上昇（確報）から伸び率が加速した,00001000000
3279,0,日銀が11日に発表した3月の企業物価指数（CGPI）速報によると、国内企業物価指数（2005年＝100.0）は前年比3.9％上昇の106.7となり、2月の同3.6％上昇（確報）から伸び率が加速した,00001000000
3296,4,東証1部騰落数は値上がり1513銘柄に対し、値下がりは146銘柄,00001000000
3328,1,また経済指標では、卸売物価指数（PPI）と消費者物価指数（CPI）という2つのインフレ指標が発表される,10001000000
3338,6,食品や、エネルギーなど商品の値上がりを背景とするインフレリスクも上昇した」としている,00001000000
3343,3,世銀のゼーリック総裁は今月、食品エネルギー価格の値上がりが、世界33カ国で社会不安につながりかねない深刻な問題になっていると指摘した,00001000000
3357,5,東証1部騰落数は値上がり225銘柄に対し、値下がりは1455銘柄,00001000000
3358,4,もっとも「米サブプライムローン（信用度が低い借り手向け住宅ローン）問題に端を発した国際金融資本市場の動揺や世界経済の減速、エネルギー原材料価格高などを背景とする中小企業の収益環境悪化や生活関連品の値上がりなど、現在、日本経済は内外ともに多くのリスク要因を抱えている」として、警戒姿勢も崩さなかった,00001000000
3434,5,東証1部騰落数は値上がり1145銘柄に対し、値下がりは460銘柄,00001000000
3440,3,国家統計局によると、第1四半期には消費者物価指数（CPI）を構成するバスケットの3分の1を占める食品価格が21.0％上昇し、8.0％のCPI上昇率のうち6.8％を占めた,00001000000
3444,4,一方、3月の消費者物価指数（CPI）は前年比8.3％上昇し、12年ぶりの高水準に達した2月の8.7％からは鈍化したものの高水準を維持した,00001000000
3444,5,国家統計局によると、第1四半期には消費者物価指数（CPI）を構成するバスケットの3分の1を占める食品価格が21.0％上昇し、8.0％のCPI上昇率のうち6.8％を占めた,00001000000
3485,6,東証1部騰落数は値上がり1255銘柄に対し、値下がりは339銘柄,00001000000
3518,5,食品の値上がりや肥料燃料の価格高騰、バイオ燃料に使用される作物への転作、人口の増加などによる食糧危機を救う可能性をジャガイモは秘めている,00001000000
3527,15,また、株価の大きな値下がりなども消費者の耐久消費財への購入意欲を減退させた可能性がある,00101000000
3528,4,東証1部騰落数は値上がり969銘柄に対し、値下がりは606銘柄,00001000000
3560,0,中国人民銀行（中央銀行）の杜金富総裁補佐は20日に開かれた会議で、消費者物価指数（CPI）の上昇率は3月に鈍化したものの、食品から他の製品へとインフレ圧力が波及しないよう、中国は引き続き警戒する必要があるとの見解を示した,00001000000
3600,0,国家発展改革委員会（NDRC）傘下の研究所副責任者であるChen Dongqi氏は、中国の消費者物価指数（CPI）上昇率が今年第2四半期に7％に、下半期には5％に低下するとの見通しを示した,00001000000
3607,5,東証1部騰落数は値上がり516銘柄に対し、値下がりは1081銘柄,00001000000
3653,5,08年度の原料価格交渉では、鉄鉱石生産で世界最大手であるブラジルのヴァーレ(VALE5.SA)との交渉で鉄鉱石は前年度比65％の上昇で合意したほか、原料炭は同3倍と大幅な値上がりとなった,00001000000
3655,10,主力の半導体は、NAND型フラッシュメモリ、DRAMともに価格動向は不透明,00001000000
3655,11,北米で大型受注が相次ぐ原発事業の本格貢献はまだ先のため、当面は半導体の価格動向やコスト削減への取り組みが市場の評価を分ける,00001000000
3668,10,明和証券のシニアマーケットアナリスト、矢野正義氏は「決算や消費者物価指数などマクロ指標発表を控えて、レンジ内での動きとなりそうだ」と述べた,00001000000
3681,1,市場では、過去半年にわたる弱気相場が終了し、今後数週間で20％以上株価は値上がりする可能性があるとの見方が出ている,00001000000
3682,1,各国当局の相次ぐ利下げや資金供給策が少しずつ効果を発揮し始めたことが一因とされるが、市場混乱の中でも好成績をあげてきた一部のヘッジファンドが水面下で、大きく値下がりしている商品の反発を見込んで買いを入れる「逆張り」に動いていることも大きな要因となっている,00001000000
3687,9,東証1部騰落数は値上がり518銘柄に対し、値下がりは1068銘柄,00001000000
3730,12,また、3月の石油製品その他特殊要因除く消費者物価指数（コアコアCPI）は前年比プラス0.5％になったとの試算を明らかにし、着実に上昇しているものの需要は弱いと指摘、「デフレ脱却に向けて足踏みが続いている」と述べた,00001000000
3740,3,さらに中国株の上昇や強めの内容だった日本の消費者物価指数（CPI）が材料として意識され、大きなうねりとなっている,00001000000
3743,6,東芝の半導体事業の業績に大きく影響するのNAND型フラッシュメモリーの価格動向について、会見した村岡富美雄代表執行役専務は「08年3月期は年間50％強下落した,00001000000
3747,16,過去のボラティリティから想定された値幅を超えて価格が値下がりした場合、強制的にポジションを落とす仕組みになっている,00001000000
3773,8,これによって、4月に入って値下がりしたガソリン価格が一定期間後には戻る見通しだ,00001000000
3788,5,FRB当局者は依然、経済の下振れリスクを懸念しているが、一方で原油や食料の値上がりを受けたインフレ圧力にも目配りしている,00001000001
3798,5,東証1部騰落数は値上がり1154銘柄に対し、値下がりは478銘柄,00001000000
3829,3,主要10都市圏の価格動向を示す指数は前月比2.8％低下し190.58,00001000000
3830,0,米大手民間調査機関のコンファレンスボード（CB）が29日発表した消費者信頼感指数は62.3と、2003年3月以来の水準に低下した,00001000000
3834,7,米大手民間調査機関のコンファレンスボード（CB）が29日発表した4月の消費者信頼感指数は62.3と、前月の65.9から低下,00001000000
3857,0,日銀は30日、「中長期的にみて物価が安定していると各政策委員が理解する物価上昇率（中期的な物価安定の理解）」について、消費者物価指数（CPI）の前年比でみて0─2％程度とする前回の水準を据え置いた,00001000000
3857,2,具体的な水準については「消費者物価指数の前年比で0─2％程度の範囲内にある」との説明を維持した,00001000000
3859,7,日銀はまた「中長期的にみて物価が安定していると各政策委員が理解する物価上昇率（中期的な物価安定の理解）」について、消費者物価指数（CPI）の前年比でみて0─2％程度とする前回の水準を据え置いた,00001000000
3859,9,具体的な水準については「消費者物価指数の前年比で0─2％程度の範囲内にある」との説明を維持した,00001000000
3863,4,東証1部騰落数は値上がり784銘柄に対し、値下がりは828銘柄,00001000000
3898,4,東証1部騰落数は値上がり437銘柄に対し、値下がりは1167銘柄,00001000000
3926,1,石炭と鉄鉱石が大幅に値上がりしたため,00001000000
3932,4,東証1部騰落数は値上がり1443銘柄に対し、値下がりは204銘柄,00001000000
3993,3,米原油先物はこの12カ月間で倍に値上がりしているが、6日には一時1バレル＝122ドルを突破し、過去最高水準をつけている,00001000000
4038,5,東証1部騰落数は値上がり744銘柄に対し、値下がりは846銘柄,00001000000
4056,1,世界的な商品市況の値上がりを背景に鉱山エネルギー関連株が上昇,00001000000
4075,6,東証1部騰落数は値上がり236銘柄に対し、値下がりは1402銘柄,00001000000
4099,4,関係筋が8日明らかにしたところによると、4月の中国の消費者物価指数（CPI）は前年比8.5％上昇と、3月の8.3％上昇から若干加速したもよう,00001000000
4109,4,ただ、決算シーズンが終わりに近づくにつれ、市場は手掛かりを得るのに、企業業績よりも、小売売上高や消費者物価指数（CPI）などの経済指標や、為替、商品などに依存することになる見通し,10001000000
4121,0,中国国家統計局が12日発表した4月の中国の消費者物価指数（CPI）は前年同月比8.5％上昇と、3月の同8.3％上昇から加速、12年ぶりの高水準近辺に迫った,00001000000
4123,9,サーベイ参加者からは「『この商品は以前はいくらだったのに、何もかも高くなって』という客の声が多く、商品の値上がりへの意識がかなり強く、買い控えにつながっている」（中国＝スーパー）、「高額品から始まった売り上げ低迷が一般価格品まで影響し始めている」（南関東＝百貨店）、「鋼材仕入れ価格の急上昇に加え、春季賃上げの影響など採算面で厳しい状況が続いている」（中国＝輸送用機械器具製造業）、「道路特定財源関連法案が年度内に成立しなかった影響で、3月末に落札した道路維持作業がまだ契約されていない」（北陸＝建設業）──などの声があった,00001000000
4124,6,東証1部騰落数は値上がり808銘柄に対し、値下がりは803銘柄,00001000000
4169,3,人民銀行は4月の消費者物価指数（CPI）上昇率が前月から再び加速し、12年ぶりの高水準に迫ったことを受け、12日の引け後に大手金融機関の預金準備率を0.5％ポイント引き上げ過去最高の16.5％とすると発表した,00001000000
4173,8,東証1部騰落数は値上がり1056銘柄に対し、値下がりは537銘柄,00001000000
4177,1,中国の4月の消費者物価指数（CPI）は、食品価格の上昇を背景に前年比8.5％となったが、今後、四川省からの農産物出荷が滞ることで、食品価格が一段と上昇する可能性がある,00001000000
4208,0,日銀が14日に発表した4月の企業物価指数（CGPI）速報によると、国内企業物価指数（2005年＝100.0）は前年比3.7％上昇の107.3となった,00001000000
4208,7,同時に発表された2007年度の企業物価指数は2.3％上昇となり、速報時に公表された2.2％上昇から上方修正された,00001000000
4225,10,東証1部騰落数は値上がり1339銘柄に対し、値下がりは323銘柄,00001000000
4232,0,米労働省が発表した4月の消費者物価指数（CPI）統計は、総合指数が前月比0.2％上昇と予想を下回った,00001000000
4241,5,14日の米国株式は、4月の消費者物価指数（CPI）を受けてインフレ懸念が後退したことなどから上昇した,00001000000
4265,15,購入頻度の高い食品や身の回り品の値上がりで、家計の実質所得も減少していると見られる,00001000000
4289,8,物価動向では「食料品やガソリン価格の値上がりによって、消費者マインドは悪化し家計にとっての負担になっている,00001000000
4300,10,「物価見通し」については、日ごろ購入するものについて、今後1年間の物価上昇率について聞いている,00001000000
4303,6,東証1部騰落数は値上がり656銘柄に対し、値下がりは944銘柄,00001000000
4314,0,16日発表されたロイター／ミシガン大学による5月の米消費者調査速報値は、消費者信頼感指数が59.5と28年ぶり低水準になる一方、短期インフレ期待がスタグフレーション下の1980年代初頭以来の高水準となった,00001000000
4315,5,5月の米ミシガン大消費者調査速報値は、消費者信頼感指数が59.5と28年ぶり低水準になる一方、短期インフレ期待がスタグフレーション下の1980年代初頭以来の高水準となった,00001000000
4340,6,投資が25.4％増、小売売上高が27.8％増となった1988年には消費者物価指数（CPI）は18.8％上昇し、投資と小売売上高がいずれも30.4％増加した1994年にはCPIは24.1％上昇したと説明した,10001000000
4366,11,トレーダーは、ドル反発の理由として、前週16日に弱い米ミシガン大消費者信頼感指数を受けドルが大きく売られたことから、ポジション調整の動きが出たことを挙げた,00001000000
4393,4,東証1部騰落数は値上がり681銘柄に対し、値下がりは923銘柄,00001000000
4445,2,4月の消費者物価指数（CPI）は前年比8.5％上昇し12年ぶり水準に迫った,00001000000
4469,6,さらに、金融環境は緩和的であり「短期金利は、潜在成長率や物価上昇率との関係でみて、引き続き極めて低い水準で推移している」と指摘した,00001000100
4473,8,商品および燃料価格の上昇を反映し、消費者物価指数（CPI）のインフレ率はやや上昇するものの、インフレ基調は引き続き抑制されたものになると指摘,00001000000
4509,4,東証1部騰落数は値上がり673銘柄に対し、値下がりは925銘柄,00001000000
4549,5,東証1部騰落数は値上がり198銘柄に対し、値下がりは1467銘柄,00001000000
4581,5,東証1部騰落数は値上がり1222銘柄に対し、値下がりは418銘柄,00001000000
4598,0,米大手民間調査機関のコンファレンスボード（CB）が27日発表した5月の消費者信頼感指数は57.2と、16年ぶりの水準に低下した,00001000000
4599,1,3月の主要20都市圏の価格動向を示す指数は、前月比2.2％低下、前年比では14.4％低下した,00001000000
4599,3,主要10都市圏の価格動向を示す指数は前月比2.4％低下、前年比では15.3％低下した,00001000000
4610,1,また、「足元の物価上昇率に目が行き過ぎると、必要な金融政策の対応が遅れ、結果として経済活動の大きな変動を招く危険がある」との認識を示した,00001000000
4610,7,「近年発生したバブルの多くは、逆説的ではあるが、物価安定が達成され、あるいはデフレの危険が意識される中で、低金利が持続した後に生じている」と指摘し「こうした状況の下で、足元の物価上昇率に目が行き過ぎると、必要な金融政策の対応が遅れ、結果として経済活動の大きな変動を招く危険がある」とした,00001000000
4618,10,ルービン氏は「輸送コストがコンテナの内容物のコストを押し上げており、消費者が小売店で商品を購入する際、膨らんだ分のコストが消費者物価指数に転嫁される,00001000000
4621,6,東証1部騰落数は値上がり226銘柄に対し、値下がりは1419銘柄,00001000000
4625,5,ウォールストリートジャーナルが主催するコンピューター業界のカンファレンスでゲイツ会長は、タッチ機能などキーボードとマウス以外による操作方法について、コンピューターの新たな主流になるための機が熟してきたと述べた,00001000000
4632,11,30日に発表される5月のユーロ圏の消費者物価指数（CPI）速報値は前年比3.5％上昇し、2.0％未満とするECBの目標の上限を大きく上回ると予想されている,00001000000
4638,18,また、景況感について加藤氏は「雇用所得情勢の改善が滞り、昨年に比べて株価が低迷する中で、エネルギーや食料品の値上がりが続いており、内閣府や日銀調査の消費者センチメントは昨秋から大幅に悪化している」と指摘,00101000000
4655,4,東証1部騰落数は値上がり1497銘柄に対し、値下がりは173銘柄,00001000000
4684,5,国内物価動向については、4月の石油製品その他特殊要因除く消費者物価指数（コアコアCPI）が前年比プラス0.6％となったことを受けて「デフレ脱却に向けて前進している」との認識をあらためて示した,00001000000
4690,2,海外勢の中には世界的インフレを意識した動きが継続しているものの、国内勢は日本での物価上昇率が1％にも満たない中で、インフレの現実味を感じるまでにいたっていない参加者が多く、海外勢の株買い／債券売りを冷ややかにみつつ円債市場では買いが出やすくなっている,10001000000
4694,7,東証1部騰落数は値上がり1280銘柄に対し、値下がりは334銘柄,00001000000
4741,6,東証1部騰落数は値上がり1018銘柄に対し、値下がりは586銘柄,00001000000
4770,7,東証1部騰落数は値上がり229銘柄に対し、値下がりは1422銘柄,00001000000
4800,6,長い間デフレが続き、経済が回復して2％成長が続いても、物価上昇率が1％にも満たない状況の下では、景気にのみ配慮した金融政策でよかったと言える,00001000000
4812,9,東証1部騰落数は値上がり1370銘柄に対し、値下がりは278銘柄,00001000000
4823,5,消費者物価指数（CPI）総合については08年は前年比プラス0.9％を予想しているものの、09年には同プラス0.4％に鈍化する見通しとなっている,00001000000
4825,1,また、09年には消費者物価指数（CPI）上昇率とGDP伸び率が共に鈍化すると予想した,00001000000
4842,4,この日発表された5月の消費者物価指数（CPI）上昇率は前年比9.6％と9年ぶりの高水準を記録した,00001000000
4907,4,全銘柄が値下がりした,00001000000
4907,10,こうしたなか、米原油先物は11ドル近く上昇し、1日の値上がりとしてはドル建てで過去最高を記録した,00001000000
4907,14,ボーイング(BA.N)は5.4％の値下がり,00001000000
4908,4,全銘柄が値下がりした,00001000000
4908,10,こうしたなか、米原油先物は11ドル近く上昇し、1日の値上がりとしてはドル建てで過去最高を記録した,00001000000
4908,14,ボーイング(BA.N)は5.4％の値下がり,00001000000
4968,9,家計所得も生活必需品の値上がりなどを背景に、実質ベースでは減少しているとみられ、日銀はこうした所得の減少が設備投資や個人消費など支出面に影響を与えないかどうか、警戒を強めている,00001010000
4973,0,複数の関係筋によると、5月の中国の消費者物価指数（CPI）は前年同月比7.7％上昇となった,00001000000
4997,3,4月の中国の消費者物価指数（CPI）伸び率は前年比8.5％と、12年ぶりの高水準を若干下回る水準,00001000000
5055,3,5月の消費者物価指数（CPI）上昇率は前年比7.7％だった,00001000000
5065,10,「物価見通し」については、日ごろ購入するものについて、今後1年間の物価上昇率について聞いている,00001000000
5069,4,消費者物価指数（除く生鮮食品）についても「経済全体の需給が概ねバランスした状態で推移するもとで、石油製品や食料品の価格上昇などから、プラスを続けていく」との見通しを変えていない,00001000000
5134,2,10時30分現在、東証1部の騰落数は値上がりが1047銘柄、値下がりが529銘柄,00001000000
5203,16,また川上から川下に価格転嫁がすすんで行く状況では企業物価指数も重要との意見も出された,00001000000
5247,0,世界銀行は19日発表した四半期経済報告の中で、2008年の中国の消費者物価指数（CPI）上昇率見通しを、2月時点予測の4.6％から7.0％に大幅に引き上げた,00001000000
5264,1,原油の値下がりで消費支出への明るい見方が広がり、輸送株や小売関連株が上昇した,00001000001
5285,1,総裁は当地での講演で、国際エネルギー食品価格の上昇について、値上がりが急激で広範囲にわたっており、これまでのどの商品ブームとも異なっていると指摘,00001000000
5289,1,＜中国＞＊インフレ―5月の消費者物価指数は前年比7.7％で、12年ぶり高水準をつけた4月の8.5％から鈍化した,10001000000
5303,1,総裁は当地での会合を前に記者団に対し「エネルギー価格の上昇が消費者物価指数（CPI）をある程度圧迫することは確かだ,00001000000
5305,5,指標関連では週末の消費者物価指数が注目,00001000000
5313,3,指標関連では週末の消費者物価指数が注目,00001000000
5315,5,原油価格は今月、1日の取引で11ドル近く急伸した日などもあり、バレル当たり140ドルに迫っているが、同相はこれについて需給以外の要因による上昇だと指摘し、「従って単純に供給拡大に焦点を合わせるだけで、現在の価格動向が落ち着く可能性は薄い」と述べた,00001000001
5321,5,指標関連では週末の消費者物価指数が注目,00001000000
5367,0,米大手民間調査機関のコンファレンスボード（CB）が発表した6月の消費者信頼感指数は50.4に低下し、1992年2月につけた47.3以来の低水準となった,00001000000
5371,3,主要10都市圏の価格動向を示す指数は前月比1.6％低下、前年比では16.3％低下し、過去最大の低下率となった,00001000000
5464,5,一方で、値上がりの大きい食料（酒類を除く）およびエネルギーを除く総合指数は前年比0.1％低下と、引き続き下落が続いている,00001000000
5464,11,発表を受けて、野村証券金融経済研究所経済調査部長の木内登英氏は「想定以上のペースで物価上昇率が高まっていることを示唆した」と指摘した,00001000000
5464,16,また、内閣府は27日、5月の石油製品その他特殊要因除く消費者物価指数（コアコアCPI）が前年同月比プラス0.8％となったとの試算を発表した,00001000000
5499,7,週間ではダウが4.2％安、S&Pは3％安といずれも6月6日週以来の大幅な値下がりとなった,00101000000
5525,4,バーン氏は「日本の消費者物価指数は総合ベースでもコアベースでもプラスの領域に移行しているが、その上昇ペースは他の先進諸国の例に比べて比較的緩やかで、マクロ経済の安定性を脅かしたり、日銀による予防的な引き締めにつながったりすることは考えにくい」と指摘した,00001000000
5528,4,バーン氏は「日本の消費者物価指数は総合ベースでもコアベースでもプラスの領域に移行しているが、その上昇ペースは他の先進諸国の例に比べて比較的緩やかで、マクロ経済の安定性を脅かしたり、日銀による予防的な引き締めにつながったりすることは考えにくい」と指摘した,00001000000
5580,2,また、値下がりしていた金融株に値ごろ感からの買いが入り、原油高をめぐる懸念の影響を相殺した,00001000000
5586,6,一時は年初来安値を更新したが、午後になって値下がりしていた米金融株に値ごろ感からの買いが入ったことでしっかりで引けた,00001000000
5618,5,5月の消費者物価指数（CPI）上昇率が25.2％となるなど8カ月連続でインフレ率は2ケタ台で高止まり,00001000000
5691,0,日銀が4日発表した6月の「生活意識に関するアンケート調査」（第34回）によると、現在の物価が1年前と比べ「かなり上がった」、「少し上がった」との回答が92.1％（3月調査85.9％）に増加し、ガソリンや食料品などの値上がりが消費者の心理に影響を与えていることがあらためて浮き彫りになった,00001000000
5691,4,「1年前に比べ現在の物価は何％程度変化したと思うか」との質問に対しては、平均値がプラス10.2％（3月調査7.6％）となり、アンケート調査時点でプラス1％程度だった消費者物価指数（CPI、除く生鮮食品）と消費者実感が大きくかい離していることがあらためて裏付けられた,00001000000
5696,7,日銀とは基本的な視点を共有しているとし、政府が2008年度の経済財政運営の基本的態度で表明した「民間需要主導の持続的成長を図り、これと両立する安定的な物価上昇率の定着」を実現するとの考えを前提に「連絡を密にして意思疎通を図っている」と語った,00001000000
5801,3,今年に入り、原油価格は大半のアナリスト予想を上回る50％の上昇を見せており、アナリストらは繰り返し価格見通しを上方修正している,00001000001
5805,5,中国政府筋が8日、ロイターに語ったところによると、6月の同国の消費者物価指数（CPI）上昇率は前年同月比7.1％と、5月の7.7％、4月の8.5％からそれぞれ鈍化した,00001000000
5841,0,日銀が10日に発表した6月の企業物価指数（CGPI）速報によると、国内企業物価指数（2005年＝100.0）は前年比5.6％上昇となり、5月の同4.8％上昇（確報）から伸びが加速した,00001000000
5845,0,日銀が10日に発表した6月の企業物価指数（CGPI）速報によると、国内企業物価指数（2005年＝100.0）は前年比5.6％上昇となり、5月の同4.8％上昇（確報）から伸びが加速した,00001000000
5845,6,前年比で上昇した品目は全体の57.3％にのぼり、現行基準で最高だった5月の57.7％からわずかに低下したものの、引き続き半数以上が値上がりしている状況が続いている,00001000000
5847,0,日銀が10日に発表した6月の企業物価指数（CGPI）速報によると、国内企業物価指数（2005年＝100.0）は前年比5.6％上昇となり、5月の同4.8％上昇（確報）から伸びが加速した,00001000000
5849,0,日銀が10日に発表した6月の企業物価指数（CGPI）速報によると、国内企業物価指数（2005年＝100.0）は前年比5.6％上昇となり、5月の同4.8％上昇（確報）から伸びが加速した,00001000000
5849,10,前年比で上昇した品目は全体の57.3％にのぼり、現行基準で最高だった5月の57.7％からわずかに低下したものの、引き続き半数以上が値上がりしている状況が続いている,00001000000
5863,13,調査では、今年の消費者物価指数は4.2％上昇すると予想されており、前回調査の3.9％を上回った,00001000000
5959,11,投資家は、15日発表の卸売物価指数（PPI）と16日発表の消費者物価指数（CPI）に、インフレ圧力の高まりに関する手がかりを求めている,10001000000
6006,8,石油製品や食料品の値上がりで、足元のコアCPI前年比はプラス1％台半ばで推移している,00001000000
6039,7,消費者物価指数（除く生鮮食品）についても「経済全体の需給が概ねバランスした状態で推移するもとで、石油製品や食料品の価格上昇などから、当面現状程度ないしそれを幾分上回るプラス幅で推移する」との見通し示した,00001000000
6041,3,消費者物価指数（除く生鮮食品）についても「経済全体の需給が概ねバランスした状態で推移するもとで、石油製品や食料品の価格上昇などから、当面現状程度ないしそれを幾分上回るプラス幅で推移する」とし、上昇率が高まるとの見方を示した,00001000000
6062,15,6月の消費者物価指数（CPI）はガソリン価格高騰を背景に前月比1.1％上昇し、ハリケーン「カトリーナ」後の2005年9月以来の大幅な伸びを記録した,00001000000
6067,9,景気について企業からは「原材料の値上がり、特に石油製品の値上がりがいつ止まるかにかかっている」（紙パルプ）、「原油、素材などの高騰による物価上昇から、消費の冷え込みが懸念される」（電機）、「消費はしばらく伸びると思われるが、設備投資は先行き不透明から減少しそう」（輸送用機器）、「消費を中心に厳しい見通し」（不動産）など懸念する声が目立つ,00001000001
6071,2,一方、6月の消費者物価指数（CPI）伸び率は前年比7.1％で、5月の同7.7％から鈍化したが、生産者物価指数（PPI）伸び率は前月の8.2％から加速、1990年代半ば以来の高水準となる8.8％だった,00001000000
6083,7,6月の消費者物価指数（CPI）伸び率は前年比7.1％で前月の7.7％から鈍化したが、生産者物価指数（PPI）伸び率は前月の8.2％から加速、1990年代半ば以来の高水準となる8.8％だった,00001000000
6113,1,住宅価格の値下がりに歯止めがかからず、同機関が発行し世界の投資家が保有している債券にはデフォルト（債務不履行）のリスクさえ語られ始めた,00001000000
6128,3,このほか、週末発表の消費者物価指数（CPI）が予想以上に高い水準を示すようだと、企業業績や個人消費への警戒感が強まりそうだ,00001010000
6137,3,このほか、週末発表の消費者物価指数（CPI）が予想以上に高い水準を示すようだと、企業業績や個人消費への警戒感が強まりそうだ,00001010000
6183,6,一方、資源高の影響で、消費者物価指数（総合）は当初見通しの前年比プラス0.3％から同プラス1.7％に大幅上方修正した,00001000000
6210,12,また第2四半期の消費者物価指数（CPI）は、最も範囲の広いオールグループで前期比1.5％上昇した,00001000000
6233,1,原油価格が値下がりするなか、政府系住宅金融機関（GSE）支援法案を米議会が承認するとの期待が広がり、金融株が買われた,00001000001
6265,7,米連邦準備理事会（FRB）の統計によると、国内の消費者信用残高は5月末時点で2兆5700億ドルで、10年前より68％増加している,00001000000
6288,0,大田弘子経済財政担当相は25日、閣議後の会見で、けさ発表された消費者物価指数（CPI）について、原油高などの価格転嫁が確実に進んでいるとし、物価上昇が消費に与える影響を懸念していると語った,00001000000
6288,3,また、内閣府が物価の基調判断で重視する石油製品その他特殊要因除く消費者物価指数（コアコアCPI）も、6月は前年同月比プラス0.9％となり上昇幅を拡大させた,00001000000
6294,2,日本でも消費者物価指数（CPI）の上昇基調が鮮明になり消費への影響が警戒されている,00001000000
6358,11,＜ガソリン食パンカップ麺の消費減少目立つ＞値上がりが著しいエネルギー、食品への支出はマイナスが続いている,00001000000
6385,3,スタンダードアンドプアーズ（S&P）／ケースシラーが発表した5月の米住宅価格指数で下落率の鈍化が示されたことや、コンファレンスボード（CB）が発表した7月の消費者信頼感指数が約半年ぶりに改善されたことなども、相場を支援した,00001000000
6431,10,また地価が高いときに土地を仕入れており、建築資材も値上がりして、コストも上昇している,00001000000
6446,3,欧州中央銀行（ECB）は物価安定の基準を消費者物価指数の前年比上昇率が中期的に2％に近く、かつそれを下回る水準と定義している,00001000000
6609,0,中国国家発展改革委員会のアナリスト、徐連仲氏は、6日付の中国証券報に寄稿し、今年の同国の消費者物価指数（CPI）上昇率が前年比6─7％に低下する可能性があるとの見方を示した,00001000000
6635,0,6日の米商品先物市場では、原油が3日続落となるなど、主要商品が値下がりした,00001000001
6667,5,＜インフレ＞欧州連合基準の消費者物価指数（HICP）の前年比伸び率は、昨年秋以降、物価安定に沿った水準をかなり上回る状態が続いており、2008年6月に4％、7月に4.1％の伸びとなった,10001000000
6667,6,こうした懸念すべきインフレ率は主として、エネルギー食品価格の世界的レベルでの急速かつ急激な値上がりによる直接的間接的影響に起因している,00001000000
6689,19,「顧客との会話から諸物価の値上がり、特に灯油の値上がりに対して強い警戒感を持っていることが感じられる,00001000000
6749,7,ただ、ある政府研究員は国家統計局が発表した声明で、市場の競争が激しいため、PPIが消費者物価指数（CPI）に容易に波及することはない、との見方を示した,00001000000
6753,5,中国国務院発展研究センターの研究員Zhang Liqun氏は、生産者レベルでの物価圧力が消費者物価指数（CPI）を押し上げることはないとの見方を示した,00001000000
6753,12,一方、CICCセキュリティーズのエコノミスト、XING ZHIQIANG氏は、石油電力価格の上昇が7月のPPIを0.5─1％ポイント押し上げたとの見方を示した上で、7月の消費者物価指数（CPI）の上昇率は6月のレベルからさらに鈍化すると予想しているが、潜在的なインフレ圧力は強まっているとの見方を示した,00001000000
6789,0,日銀が12日に発表した7月の企業物価指数（CGPI）速報によると、国内企業物価指数（2005年＝100.0）は前年比7.1％上昇となり、6月の同5.7％上昇（改訂）から伸びが加速した,00001000000
6792,0,日銀が12日に発表した7月の企業物価指数（CGPI）速報によると、国内企業物価指数（2005年＝100.0）は前年比7.1％上昇となり、6月の同5.7％上昇（改訂）から伸びが加速した,00001000000
6794,0,中国国家統計局が12日発表した7月の中国の消費者物価指数（CPI）は前年同月比6.3％上昇となった,00001000000
6842,4,7月の消費者物価指数（CPI）上昇率は前年比6.3％で、6月の7.1％から低下した,00001000000
6857,2,インフレ報告では、消費者物価指数（CPI）伸び率は今年5％を若干下回る水準に加速した後は、食品や燃料価格上昇の影響が後退し、経済が停滞状態に入るに伴い大幅に鈍化するとの見方を示した,00001000000
6872,2,インフレ報告では、消費者物価指数（CPI）伸び率について、今年5％を若干下回る水準に加速した後は、食品や燃料価格上昇の影響が後退し、経済が停滞状態に入るに伴い大幅に鈍化するとの見方を示した,00001000000
6876,4,スペイン統計局が13日発表した7月の消費者物価指数（CPI）上昇率は前年比5.3％と、現行統計を開始した93年以降で最高となった,00001000000
7088,8,インフレについては、主にクレジット危機の影響で、今後1年間にかなり緩和するとみられており、消費者物価指数（CPI）上昇率は第3四半期には2.1％の水準で底打ちする見通し,10001000000
7092,9,消費者物価指数（CPI）上昇率については、08年が前年比3.7％と、前月調査の3.5％から上昇,00001000000
7165,0,中国国務院発展研究センターの巴曙松副所長は、同国の消費者物価指数（CPI）上昇率が最近鈍化していることについて、原材料から製品へ波及する強い価格圧力はまだ続いているため、長くは続かない可能性があるとの見方を示した,00001000000
7334,10,消費縮小の主因は、ガソリンや食料品の急激な値上がりだ,00001000000
7335,6,景気が後退局面入りしたとの見方が強まる一方、身近な食料品やガソリンの値上がりが家計を直撃している,00001000000
7335,12,「海外旅行や車で遠出をすると出費がかさむし、野菜も値上がりしているので、家計の足しになる菜園をやる人が増えている」と同社の淡野一郎広報宣伝課長は説明する,00001000000
7335,18,ロイターが26日にまとめた個人投資家8月調査で、食料品やガソリンの値上がりへの対応を聞いたところ「エアコンをなるべく使わない、あるいは設定温度を上げている」、「休日は近場で過ごし、支出を抑えている」、「車の代わりに、自転車や電車を使う」、「外食を減らして、自炊を増やしている」、「金融商品への新規投資を手控えている」などの回答が上位を占めた,00001000000
7376,10,失業率は前月と変わらずの5.7％が大勢見通しだが「消費者信頼感指数などの雇用判断の悪化から、5.8％程度へ悪化してもおかしくない」（都銀）とする声も出ている,01001000000
7381,6,これは複数の消費者信頼感指数に表れている」と指摘した,00001000000
7410,4,騰落銘柄数は値下がりが791で値上がりが134,00001000000
7419,1,杉本次官は当初、政府自民党が慎重姿勢を取っていた定額減税が総合経済対策に盛り込まれた背景について、29日に発表された消費者物価指数（CPI）が2％を超えるなど「物価高が進展し、それに対してどういう施策を講じるかという議論がされたと思う」と述べた,00001000000
7458,9,その理由として、住宅投資について価格動向からみて下げ止まっていないこと、金融市場と資産価格、実体経済の負の相乗作用収束の展望が見えないこと、原材料価格高騰は足元少し下落気味ながら先行きはどうなるかわからないこと、をあげた,00001000000
7464,6,また物価の先行きについて白川総裁は名古屋大での講演後の質疑応答で、消費者物価指数（CPI）は、しばらくは2％台半ばの上昇が続くが、国際商品市況の低下により来年には下がっていき、物価安定圏に入っていくとの見通しを示した,00001000000
7464,9,その理由として、住宅投資について価格動向からみて下げ止まっていないこと、金融市場と資産価格、実体経済の負の相乗作用収束の展望が見えないこと、原材料価格高騰は足元少し下落気味ながら先行きはどうなるかわからないこと、を挙げた,00001000000
7482,8,需要減により専門家は価格見通しを下方修正している,00001000000
7496,7,8月の消費者物価指数（CPI）は、前年比の伸び率が前月の3.3％から3.1％に鈍化した,00001000000
7520,1,景気停滞の下で需給ギャップがマイナス方向に拡大していけば、物価の下押し圧力となり、エネルギー食品を除く消費者物価指数が再びゼロ近辺に低下するリスクもあると分析,00001000000
7526,14,スタッフ予想では、08年の欧州連合（EU）基準の消費者物価指数（HICP）を3.4─3.6％とし、中間値を前回6月時点の3.4％から3.5％に上方修正した,00001000000
7675,0,日銀が10日に発表した8月の企業物価指数（CGPI）速報によると、国内企業物価指数（2005年＝100.0）は前年比7.2％上昇となり、7月の同7.3％上昇（確報）からわずかに伸びが鈍化したものの、引き続き高水準を維持した,00001000000
7679,0,中国国家統計局の発表によると、8月の中国の消費者物価指数（CPI）は前年同月比4.9％上昇した,00001000000
7681,0,日銀が10日に発表した8月の企業物価指数（CGPI）速報によると、国内企業物価指数（2005年＝100.0）は前年比7.2％上昇となり、7月の同7.3％上昇（確報）からわずかに伸びが鈍化したものの、引き続き高水準となった,00001000000
7683,0,8月の中国の消費者物価指数（CPI）は前年同月比4.9％上昇で、1年2カ月ぶりの低水準となった,00001000000
7683,3,●CPIとPPIは予想通り＜チャイナエコノミックモニターのチーフエコノミスト、GENE MA氏＞CPI（消費者物価指数）、PPI（生産者物価指数）ともにわれわれの予想通りに推移している,00001000000
7754,3,8月の消費者物価指数（CPI）上昇率は前年比4.9％で、7月の6.3％から低下した,00001000000
7765,14,銀行株や海運株など値下がりのきつかったセクターには買い戻しが入った一方、欧州経済への懸念やユーロ安を背景に、欧州売上比率が比較的高いとみられる銘柄が軟調だった,00101000000
7843,11,「物価見通し」については、日ごろ購入するものについて、今後1年間の物価上昇率について聞いている,00001000000
7851,1,政府日銀はリーマンブラザーズが手掛けていたデリバティブ取引の価格動向や、リスクプレミアムの拡大を通じた金融環境タイト化の可能性、世界経済への悪影響を通じて日本経済の回復シナリオが崩れないかどうかなどを注意深く点検していく方針だ,00001000000
7852,0,英国立統計局が16日発表した8月の消費者物価指数（CPI）は前月比0.6％上昇、前年比で4.7％上昇した,00001000000
7866,4,消費者物価指数（CPI）の数字が落ち着いていることを踏まえると、（声明の）インフレに関する文言は予想以上に強かった,10001000000
7998,15,モルガンスタンレー(MS.N)は20.7％、ゴールドマンサックス(GS.N)は20.2％、それぞれ値上がりした,00001000000
8097,11,原油商品（コモディティ）価格の値下がりやドルの持ち直しは圧力緩和につながっているが、先行きの商品価格動向を予測するのは困難とし「インフレに対する上向きリスクも同様に依然大きな懸念だ」と語った,10001000000
8271,1,金融安定化法案復活への期待が広がるなか、主要株価指数は軒並み4％を超える値上がりとなった,00001000000
8274,1,金融安定化法案復活への期待が広がるなか、主要株価指数は軒並み4％を超える値上がりとなった,00001000000
8409,1,市場では、金融安定化法が成立すれば株価社債ドルが大幅に値上がりするとの見方が多かった,00001000000
8426,7,「一部投資家や海外ファンドがユーロ建て資産を圧縮」（外銀の顧客業務担当者）しているほか、世界的な株安が続き「（保有資産の値下がりが）苦しいので、レートに関係なくとにかく投げ売ってリパトリエーション（資金の本国還流）に動く流れが続いている,00101000000
8483,0,米連邦準備理事会（FRB）が7日に発表した8月の消費者信用残高は、信用市場ひっ迫や融資基準の厳格化を背景に、1998年1月以来の減少となった,00001000000
8483,8,クレジット危機が深刻化する中、融資基準の厳格化により自動車販売は特に大きな打撃を受けており、9月の消費者信用残高はさらに減少する見通し,00001000000
8487,3,論評記事は「異例の事態がない限り、消費者物価指数（CPI）など9月の経済指標発表後、いつでも利下げの可能性がある」と指摘した,00001000000
8515,10,日経平均採用銘柄で値上がりしたものはゼロ,00001000000
8515,11,東京電力(9501.T)が唯一、前日比変わらずで、これ以外はすべて値下がりしている,00001000000
8604,15,日経平均構成銘柄は、すべてが値下がりした,00001000000
8614,8,そのほか、保有株式なども大きく値下がりしたという,00001000000
8618,24,個別株でも、前引け段階では日経平均の構成銘柄がすべて値下がりする全面安だったが、後場にはコマツ(6301.T)や三菱商事(8058.T)など切り返すものがでてきた,00001000000
8619,7,09年の消費者物価指数（CPI）上昇率は4.5％と、08年平均の6.5％から減速すると予想した,00001000000
8719,0,英国立統計局が発表した9月の消費者物価指数（CPI）は前年比5.2％上昇し、16年ぶりの水準となった,00001000000
8785,2,欧州株も大幅に値下がりした,00001000000
8793,8,アナリスト調査では、9月の消費者物価指数（CPI）の上昇率の予測中央値は前年同月比4.7％と、5カ月連続で低下する見通し,00001000000
8868,6,消費者信頼感指数の過去最低値は、1980年5月の51.7,00001000000
8870,9,午後に入り大きく値上がりする場面もみられたが、引けにかけて値を消した,00001000000
8870,16,10月の米ミシガン大消費者信頼感指数（速報値）は前月の70.3から57.5に大幅悪化,00001000000
8889,7,物価面では、消費者物価（除く生鮮食品）の前年比は、エネルギーや食料品の価格動向などを反映し、当面現状程度の上昇率で推移した後、徐々に低下していくと予想されるとの見通しを示した,00001000000
8899,1,鋼材価格の値上げが浸透する一方、スクラップや海上輸送運賃（フレート）、原油価格など原材料価格の値下がりが寄与する,00001000001
8925,2,原油高を受けて石油株も値上がりした,00001000000
8925,10,その他の金融株ではロイヤルバンクオブスコットランド（RBS）(RBS.L)が23.2％、バークレイズ(BARC.L)は7.1％高、HSBC(HSBA.L)は5.4％、それぞれ値上がりした,00001000000
8930,2,このところ値下がりしていた銘柄に安値拾いの買いが入り、エネルギー株や公益事業株などが上げを主導した,00001000000
9050,14,1次産品の値上がりの恩恵を受けてきた新興国には大きなダメージでMSCI新興国株価指数は3年半ぶり安値を付けた,00001000000
9127,8,今週はGDP以外にも重要な経済指標の発表が目白押しで、新築住宅販売、消費者信頼感指数、S&P／ケースシラー住宅価格指数、耐久財受注、個人所得個人消費支出、などに関心が集まっている,10001000000
9136,4,さらに、中国の消費者物価指数（CPI）は9月に前年比4.6％上昇と、2月に付けたピークの8.7％から上昇率が鈍化しているものの、人民銀行は引き続き消費者物価の動向を注視していくと述べた,00001000000
9203,2,消費者信頼感指数の低下、不動産開発に関する指数の低下、マネーサプライM2伸び率の鈍化が先行指数の低下につながった,00001000000
9225,2,主要10都市圏の価格動向を示す指数は前月比1.1％低下、前年比では17.7％低下した,00001000000
9226,0,米大手民間調査機関のコンファレンスボード（CB）が発表した10月の消費者信頼感指数は38.0と、1967年の統計開始以来最低水準となった,00001000000
9229,3,主要10都市圏の価格動向を示す指数は前月比1.1％低下、前年比では17.7％低下した,00001000000
9279,4,金融株では、スタンダードチャータード（スタンチャート）銀行(STAN.L)、ロイズTSB(LLOY.L)、ロイヤルバンクオブスコットランド（RBS）(RBS.L)、HBOSHBOS.L、HSBC(HSBA.L)、バークレイズ(BARC.L)が値上がり,00001000000
9334,8,バークレイズ(BARC.L)、ロイヤルバンクオブスコットランド（RBS）(RBS.L)、HSBC(HSBA.L)、HBOSHBOS.L、ロイズTSB(LLOY.L)、スタンダードチャータード（スタンチャート）銀行(STAN.L)が値上がりした,00001000000
9342,7,とくに主食の値上がりが激しく、9月にはパンの価格が15％、コメの価格が42％も上昇している,00001000000
9359,2,石油や液化天然ガスの価格や為替変動などを反映する同制度に基づくと同820円の値上がりとなる計算だったが、公共料金の大幅上昇を避けたい政府の意向を受け、「特別措置」として値上がり幅を半分に抑えた,00001000000
9375,1,エコノミストの間では今後、日銀の金融政策運営に大きな影響を与える消費者物価指数（生鮮食品を除くコアCPI）上昇率の伸びが鈍化し、早ければ10月分の全国コアCPIから前年比伸び率が2％を割り、来年半ばにはマイナスに転じるとの見通しが急浮上している,00001000000
9375,6,すでに日銀が発表した9月分の企業物価指数や企業向けサービス価格指数からも上昇率の鈍化が確認されている,00001000000
9563,7,10月の消費者信頼感指数が過去最低に落ち込むなか、GMとフォードの株価は同月にそれぞれ58年ぶり、四半世紀以上ぶりの安値に下落した,00101000000
9569,6,インドの消費者信頼感指数は114,00001000000
9569,8,韓国の消費者信頼感指数は36で、上期の50から大幅に低下した,00001000000
9620,0,全米リアルター協会（NAR）が7日発表した9月の住宅販売保留指数は、与信の厳格化を背景に前月比4.6％低下の89.2となった,10001000000
9625,0,ロイターのエコノミスト調査によると、10月の中国の消費者物価指数（CPI）と生産者物価指数（PPI）はともに前月から上昇率が鈍化したとみられている,00001000000
9646,0,中国国家統計局の首席エコノミストであるYao Jingyuan氏は、同国の消費者物価指数（CPI）上昇率について、過去5カ月間に続き、第4四半期も一段と低下するとの見通しを示した,00001000000
9647,9,豪S&P／ASX200指数は、資源株の値上がりを受けて2.4％上昇している,00001000000
9669,0,中国国家統計局が11日発表した10月の中国の消費者物価指数（CPI）は前年同月比4.0％の上昇だった,00001000000
9676,0,中国国家統計局が11日発表した10月の中国の消費者物価指数（CPI）は前年同月比4.0％の上昇だった,00001000000
9683,0,中国国家統計局が11日発表した10月の中国の消費者物価指数（CPI）は前年同月比4.0％の上昇だった,00001000000
9683,4,●食品価格の伸び減速が最大要因、11月は3％に鈍化も＜Guotai Junan証券（上海）のアナリスト、JIANG CHAO氏＞10月の消費者物価指数（CPI）上昇率は、われわれの予想の4.1％とほぼ一致した,00001000000
9709,10,「物価見通し」については、日ごろ購入するものについて、今後1年間の物価上昇率について聞いている,00001000000
9739,0,日銀が13日に発表した10月の企業物価指数（CGPI）速報によると、国内企業物価指数（2005年＝100.0）は109.8、前年比4.8％上昇となり、9月の同6.8％上昇から伸びが鈍化した,00001000000
9786,14,米経済指標に関しては鉱工業生産（17日）、消費者物価指数、住宅着工件数、実質所得（いずれも19日）などが注目されそうだ,10001000000
9792,7,10月の米小売売上高が過去最大の減少となり、11月のミシガン大消費者信頼感指数が依然として低い水準にとどまるなか、ドルは依然として選好された,00001000000
9812,0,17日に始まる週の米株式市場では、企業決算や卸売物価指数（PPI）、消費者物価指数（CPI）などの経済指標の発表で景気減速の長期化が示される可能性が高いことから、3週連続の下げ相場となることが予想されている,10001000000
9926,18,今期に見込む700億円の支払備金でカバーされない1756億円は「十分に精査した」（大岩常務）としているが、今後のCDOの価格動向によっては、追加計上の可能性も出ている,00001000000
10011,1,10月の消費者物価指数（CPI）が過去最大の低下率となりデフレリスクが高まるなか、斬新な金融政策をとるとの予想もでてきた,00001000000
10117,2,主要10都市圏の価格動向を示す指数は前月比1.9％低下、前年比ではマイナス18.6％と過去最大の低下率となった,00001000000
10117,9,9月の主要10都市圏の価格動向を示す指数はピーク時から23.4％低下,00001000000
10237,13,ガソリン価格はさらに値下がりしており、11月以降は想定以上に下がっていく可能性がありそうだ」とみている,00001000000
10475,6,欧州連合基準の消費者物価指数（HICP）は09年が1.1─1.7％、中間値1.4％とした,00001000000
10535,6,●10日に西村日銀副総裁が都内で講演日銀の西村清彦副総裁が10日「金融リテール戦略2008」カンファレンスで講演を行う,00001000000
10601,3,10月の中国の消費者物価指数（CPI）上昇率は前年同月比4.0％と、今年2月に記録したほぼ12年ぶりの高水準8.7％を大きく下回った,00001000000
10624,8,アナリストは、原油価格の値下がりもドイツ経済の下支えになったとした,00001000001
10625,0,全米リアルター協会（NAR）が9日発表した10月の住宅販売保留指数は、前月比0.7％低下の88.9となった,10001000000
10631,9,「先進国の景気後退や、輸出信用が枯渇し輸出保険が値上がりしていることを背景に、途上国の輸出機会は急速に減少する」との見通しを示した,00001000000
10633,0,全米リアルター協会（NAR）が9日発表した10月の住宅販売保留指数は、前月比0.7％低下の88.9となった,10001000000
10633,4,バークレイズキャピタルのエコノミスト、ザックパンドル氏は、住宅販売保留指数が過去9カ月間にわたり大きく振れる中で上昇傾向にあり、最低水準から7.1％上昇したと指摘,10001000000
10638,0,日銀が10日午前8時50分に発表した11月の企業物価指数（CGPI）速報によると、国内企業物価指数（2005年＝100.0）は前年比2.8％上昇となり、10月の同5.0％上昇（確報）から伸びが鈍化した,00001000000
10642,0,日銀が10日発表した11月の企業物価指数（CGPI）速報によると、国内企業物価指数（2005年＝100.0）は前年比2.8％上昇となり、10月の同5.0％上昇（確報）から大幅に伸びが鈍化した,00001000000
10657,0,ロイターが来年の米株式市場の見通しについてアナリストを調査したところ、オバマ次期政権の景気対策で一段の景気悪化を回避できれば、10％前後の値上がりが期待できるとの見方が多かった,00001000000
10702,0,中国国家統計局が11日発表した11月の中国の消費者物価指数（CPI）は前年同月比2.4％の上昇だった,00001000000
10708,0,中国国家統計局が11日発表した11月の中国の消費者物価指数（CPI）は前年同月比2.4％の上昇,00001000000
10720,0,今年7月に1バレル＝147ドルと空前の水準に値上がりした原油相場は、5カ月余りで100ドル以上の幅で値下がりした,00001000000
10720,3,この間、値上がりは原油需給の基礎的条件を反映していないことを一貫して主張した石井彰氏にインタビューした,00001000000
10720,14,今年の年頭に100ドルくらいになったが、需要が弱いのに（7月までに）約5割も値上がりしたのはバブル以外の何ものでもない,00001000000
10753,4,そのうえで「原油価格の記録的な値下がりが自動車利用者の安心感につながり、実質的に4400億ドルの減税効果をもたらした,00001000001
10768,10,「物価見通し」については、日ごろ購入するものについて、今後1年間の物価上昇率について聞いている,00001000000
10866,7,景気低迷でインフレ圧力は引き続き抑制される可能性が高いとし、09年の消費者物価指数（CPI）の伸びは総合指数が0.2％、コア指数も1.7％へ減速するとしている,00001000000
10891,3,11月の消費者物価指数（CPI）上昇率は前年比2.4％と22カ月ぶりの低水準となった,00001000000
10904,0,イングランド銀行（英中銀）のキング総裁は16日、政府への報告書で消費者物価指数（CPI）上昇率が来年は1％を下回る水準に低下する可能性があると指摘した,00001000000
11001,11,米モゲージ市場では、住宅の差し押さえから住宅ローン債権のデフォルトといった事態が拡大を続けており、この結果として米投資銀や商業銀の保有金融資産の値下がり、金融セクターから実体経済へのマイナス効果の波及という悪循環が起きている,00001000000
11033,0,共に第4四半期は赤字決算となったゴールドマンサックス(GS.N)とモルガンスタンレー(MS.N)同様、シティグループでも投資資産の値下がりによる損失が拡大するとしている,00001000000
11081,13,クリスマス前の23日は米国の住宅関連の経済指標、国内では26日は消費者物価指数、家計調査、労働力調査、鉱工業生産速報など月末恒例の重要経済指標が発表されるが、イベントとしての注目度は低い,00001000000
11106,2,グローバルデフレへの懸念を背景に消費者物価指数（コアCPI）のマイナス突入は避けられそうにないとの見方が広がっており、48人中21人が09年4―6月にマイナスに転じると予想した,00001000000
11138,1,クリスマス休暇を控え薄商いとなる中、医薬品株が下落し相場を押し下げたほか、原油価格の値下がりが石油株を圧迫した,00001000001
11156,0,23日発表された米国の各経済指標では、ガソリン価格の下落で消費者信頼感指数が若干改善したものの、11月の中古住宅販売戸数が過去最大の減少となるなど、景気後退（リセッション）の加速が示される内容となった,00001000000
11167,8,原油価格の下落などの影響で消費者物価指数（CPI）がマイナスに転じることも考えられ、「景気後退と物価下落でデフレスパイラルの可能性がある」（三菱UFJ証券チーフ債券ストレテジスト、石井純氏）との声が出ている,00001000001
11187,1,朝方発表された一連の経済指標は弱かったものの懸念されたほど悪化せず、原油の値下がりや押し目買いで航空小売株などが買われた,00001000001
11187,11,原油の値下がりを好感し航空のUSエアウェイズLCC.Nが5.7％高、ジェットブルーエアウェイズ(JBLU.O)は5.4％高,00001000001
11188,0,一方、インフレ調整後の支出は、ガソリンや衣料などの価格が値下がりするなか0.6％増と5月以来の増加となった,00001000000
11244,4,百貨店のメーシーズ (M.N)は2.8％、ディラーズ(DDS.N)は9.7％、それぞれ値下がりしている,00001000000
11326,10,通年で値上がりしたダウ銘柄は小売りのウォルマートストアーズ(WMT.N)とファストフードのマクドナルド(MCD.N)の2銘柄のみ,00001000000
11327,1,通年では金融危機で安全資産としてのドルが買われ、ユーロを含む主要通貨バスケットに対して2005年以来の値上がりとなった,00001000000
11327,8,通年では約4.5％下落し、2005年以来の値下がりに転じた,00001000000
11399,1,利益確定売りが圧迫したほか、携帯電話機販売の減速に対する懸念を背景に大手通信会社が値下がりした,00001000000
11405,1,上海証券報に掲載された調査報告によると、調査局はまた、09年の消費者物価指数（CPI）上昇率についても08年の約6％から3％を下回る水準に低下すると予想している,00001000000
11420,8,日銀は展望リポートで消費者物価指数（除く生鮮食品）の前年比は「徐々に低下していく」との見通しを示し、09年度は前年比横ばい（0.0％）まで下がると見込んでいたが、予想を超える原油価格の下落と需給ギャップの悪化で、再びマイナスに陥る可能性も否定できないとみている,00001000001
11479,10,米連邦準備理事会が量的緩和の導入を検討していることが議事録から明らかとなったが、白川総裁は量的緩和やゼロ金利解除の影響について「利上げ後の金利水準は0.5％であり、潜在成長率や物価上昇率との関係からみて極めて低い金利水準となっており、金融の緩和的な環境は維持された」と述べた,00001000000
11513,0,米連邦準備理事会（FRB）が発表した11月の消費者信用残高は、前月比79億4000万ドル減と1943年1月の統計開始以来最大の減少幅となった,00001000000
11516,4,マイクロソフト(MSFT.O)やアップル(AAPL.O)など、7日に大きく値下がりしていた銘柄は買われ、ナスダックの上げを支援した,00001000000
11529,5,総裁は「エネルギー価格は大幅に下落し、ガソリン価格や暖房費はかなり値下がりした,00001000000
11530,5,総裁は「エネルギー価格は大幅に下落し、ガソリン価格や暖房費はかなり値下がりした,00001000000
11546,1,金融政策に影響する消費者物価指数（CPI）のほか貿易収支、小売売上高など米国発の経済指標が材料視される見通し,10001100000
11563,9,消費者物価指数（CPI）のほか貿易収支、小売売上高など米国発の経済指標が材料視される見通し,10001100000
11645,2,一方、米当局による政策対応への期待から金融株は値上がりした,00001000000
11645,4,原油の値上がりを受けてエネルギー株が上昇したほか、増益への期待からバイオテクノロジー関連に買いが入った,00001000001
11646,6,原油の値上がりを受けてエネルギー株が上昇したほか、増益への期待からバイオテクノロジー関連に買いが入った,00001000001
11709,0,日銀が15日午前8時50分に発表した12月の企業物価指数（CGPI）速報によると、国内企業物価指数（2005年＝100.0）は前年比1.1％上昇となり、11月の同2.8％上昇（確報）から伸びが鈍化した,00001000000
11720,0,日銀が15日発表した12月の企業物価指数（CGPI）速報によると、国内企業物価指数（2005年＝100.0）は前年比1.1％上昇となり、2004年5月（同0.9％上昇）以来の低い伸び率を記録した,00001000000
11726,0,日銀が15日発表した2008年12月の企業物価指数（CGPI）速報によると、国内企業物価指数（2005年＝100.0）は前年比1.1％上昇となり、2004年5月（同0.9％上昇）以来の低い伸び率を記録した,00001000000
11878,15,ロイズTSBLLOYは33％超値下がりした,00001000000
11934,1,総裁は講演原稿で、今年の英経済について、ポンド安や原油の値下がり、大規模な財政金融緩和が下支えになるとの見方を示した上で、「金融セクターの問題を考慮すれば、09年は誰もにとって困難な年になる,00001000001
11982,1,ダウは3％強、ナスダックやS&Pはそれぞれ4％強の値上がり,00101000000
12081,1,業績見通しへの失望感からゼネラルエレクトリック（GE）(GE.N)が値下がりしたことが打撃となった,00001000000
12150,7,「ハイブリッド証券の価格動向次第では、投資判断の大幅な引き上げや引き下げの可能性がある」という,00001000000
12163,3,少なくとも当面は値下がりが続くとの見方から買い控えられてきた住宅だが、価格が大幅に下落したことから、西部を中心に住宅購入が賃貸より安くつく状況に変わりつつある,00001000000
12190,2,主要10都市圏の価格動向を示す指数は前月比2.2％低下,00001000000
12192,4,主要20都市圏の価格動向を示す指数はピーク時からおそらく25.2％低下しているだろう,00001000000
12193,2,主要10都市圏の価格動向を示す指数は前月比2.2％低下,00001000000
12235,12,デジタルカメラの価格動向について大澤常務は「コンパクトが15％くらい、一眼レフが10％くらい（平均単価が）下がってくるのではないか」と述べた,00001000000
12254,1,原材料価格の大幅な値下がりの影響を急速な鈍化の理由に挙げた,00001000000
12506,2,また、12月の住宅販売保留指数が予想外に上昇したことで、景気への懸念が後退した,10001000000
12670,9,13日発表の2月の米ミシガン大消費者信頼感指数などの経済指標は、景気の弱さを裏付ける内容となる見通し,00001000000
12697,10,家計、企業、雇用ともに改善し、景気や雇用に対する先行き不安の一方で、一部の商品の値下がりや住宅ローン減税などへの期待感などが出ていた,00001000000
12738,0,中国国家統計局が10日発表した1月の中国の消費者物価指数（CPI）は前年同月比1.0％の上昇となり、昨年12月の1.2％上昇から鈍化した,00001000000
12750,3,あおぞらは、負の遺産を除去するため、米金融会社GMAC関連投資やCDO（債務担保証券）、ETF（上場投資信託）などの値下がりから発生した損失の処理を、09年3月末までに「おおむね完了」する,00001000000
12750,5,09年3月期決算では、GMAC関連投資で364億円、CDO関連投資で90億円、ヘッジファンド投資関連で460億円、ETF投資関連損失で307億円の損失処理を行うなど、投資先の金融商品の値下がりによる損失が膨らむ,00001000000
12788,3,この日の取引は値動きの荒い展開となり、一時は原油安やハイテク株の値下がりに押されて下落していたが、終盤になって景気対策法案の合意を支援材料に上昇した,00001000000
12803,0,日銀が12日午前8時50分に発表した1月の企業物価指数（CGPI）速報によると、国内企業物価指数（2005年＝100.0）は前年比0.2％低下となり、2008年12月の同1.1％上昇（確報）からマイナス圏に転じた,00001000000
12805,0,日銀が12日発表した1月の企業物価指数は、前年比0.2％低下となり、2003年12月以来のマイナス圏に転じた,00001000000
12805,7,●今夏にかけて前年比下落率は拡大の可能性＜野村証券金融経済研究所チーフエコノミスト木内登英氏＞1月の企業物価指数は市場予想を下回った,00001000000
12805,10,今後も商品市況が足下の低水準に留まれば、2009年夏にかけて、企業物価指数の前年同月比下落率は拡大傾向をたどると予想される,00001000000
12923,8,1月の消費者物価指数（CPI）は前年同月比1.0％の上昇となり、CPIは早ければ2月にもマイナスに転じる可能性がある,00001000000
12964,2,金属原油価格の下落を受けてコモディティ（商品）株が値下がりしたほか、資本水準をめぐる懸念で保険株も売られた,00001000000
13148,12,27日には消費者物価指数（CPI）のほか、完全失業率、有効求人倍率、家計調査、鉱工業生産速報などの経済指標が予定されている,00001000000
13159,2,バンクオブアメリカ（バンカメ）(BAC.N)は一時約14％、ウェルズファーゴ(WFC.N)は10％強、JPモルガン(JPM.N)は3％強、それぞれ値下がりした,00001000000
13161,2,国有化をめぐるうわさでこの日米銀行株価は大きく値下がりし、シティグループは一時、前日比約21％安の1.97ドルをつけた,00001000000
13162,0,米労働省が20日発表した1月の消費者物価指数（CPI）は、総合指数が前月比0.3％上昇した,00001000000
13290,4,主要10都市圏の価格動向を示す指数は前月比2.3％低下,00001000000
13549,11,物価上昇率や経済活動の今後1─2年の見通しを考えれば、こうした傾向は全く正当化できると考えている」と述べた,00001000000
13671,6,欧州連合基準の消費者物価指数（HICP）は、09年がプラス0.1％─0.7％、中間値が0.4％,00001000000
13679,6,ガソリン価格の値下がりで家計に余裕ができたことが売上高増につながったと説明した,00001000000
13732,17,12日には中国の消費者物価指数（CPI）が発表される,00001000000
13795,0,中国国家統計局が10日発表した2月の中国の消費者物価指数（CPI）は前年同月比1.6％の低下となり、1月の同1.0％上昇からマイナスに転じた,00001000000
13803,20,人々は、再び値上がりする可能性があることも知っており、今でも一部で影響が残っている」と語った,00001000000
13824,1,株価指数は軒並み5％を超える値上がりとなった,00001000000
13825,1,株価指数は軒並み5％を超える値上がりとなった,00001000000
13849,6,また、2月の特徴について、過去の原材料価格の値下がりがラグを伴って川下に波及してきた点などを挙げた,00001000000
13921,1,指数は軒並み3％を超える値上がりとなった,00001000000
13922,1,指数は軒並み3％を超える値上がりとなった,00001000000
13951,11,「物価見通し」については、日ごろ購入するものについて、今後1年間の物価上昇率について聞いている,00001000000
14010,12,予想外の上昇となった3月米ミシガン大消費者信頼感指数などマクロ指標でいくつか改善の兆しが出ていることに加え、米大手銀行のトップが1─2月が黒字になったと相次いで発言したことで、金融への不安がいったん後退している,00001000000
14040,0,2008年のノーベル経済学賞を受賞した著名エコノミスト、ポールクルーグマン氏は16日、米国は今後2年間にわたり著しいデフレリスクに直面する一方、欧州も消費者物価指数（CPI）伸び率が長期間マイナスとなる可能性がある、との見解を示した,00001000000
14047,5,この1年半は特に値下がりが激しく、価格は約10分の1に急降下,00001000000
14059,4,一方で、「不合理な（株価の）値下がりがあった時に何もしないかということまでは考えていない」とも語り、不測の事態に備えた対応策の検討は必要との認識も示している,00101000000
14106,16,3月のミシガン大消費者信頼感指数の速報値は予想外に上昇しており、ファンダメンタルズは1月に底打ちしたのかを見極める上でも、3月の経済指標動向に注目している」と述べた,00001000000
14217,17,WTIなどの軽質油に比べ、精製コストがかかるため、需要が増大する際には、軽質油の上昇を追いかけるかたちで値上がりするパターンが多かった,00001000000
14421,0,ドイツ連邦統計庁が発表した3月の消費者物価指数（CPI）速報値は、前月比0.1％低下した,00001000000
14421,3,欧州連合（EU）基準の消費者物価指数（HICP）は、前月比0.2％低下、前年比0.4％上昇,00001000000
14441,9,この他、1日には2月の住宅販売保留指数や3月のADP全米雇用報告、ISM製造業景気指数、31日には3月のシカゴ地区購買部協会景気指数や1月のS&Pケースシラー米住宅価格指数、3月の消費者信頼感指数が発表される,10001000000
14462,6,シティグループ(BAC.N)とバンクオブアメリカ(BAC.N)の株価は、過去3週間で倍以上に値上がりした,00101000000
14518,3,消費者物価指数（CPI総合）は、09年は前年比マイナス1.2％に大幅下落し、2010年もマイナス1.3％と物価下落が継続する見通し,00001000000
14528,4,主要10都市圏の価格動向を示す指数は前月比2.5％低下,00001000000
14528,7,06年第2四半期のピーク時からは10都市圏の価格動向を示す指数が30.2％、20都市圏の指数は29.1％、それぞれ低下した,00001000000
14529,4,主要10都市圏の価格動向を示す指数は前月比2.5％低下,00001000000
14529,7,06年第2四半期のピーク時からは10都市圏の価格動向を示す指数が30.2％、20都市圏の指数は29.1％、それぞれ低下した,00001000000
14532,0,米大手民間調査機関のコンファレンスボード（CB）が31日発表した3月の消費者信頼感指数は26.0と、前月の25.3から小幅上昇した,00001000000
14564,5,国際商品市況の下落に伴い、ガソリン価格が値下がりしていることなどが背景にあるとみられる,00001000000
14567,0,オリックス(8591.T)の梁瀬行雄社長は1日、ロイターとのインタビューで、不動産事業は引き続き中核を担うとした上で、金融危機の影響で値下がりが著しい不動産などを対象に今後数千億円規模の投資を実施していく方針を明らかにした,00001000000
14567,5,梁瀬社長は、ファイナンス機能も持ち自前で展開する不動産部門は引き続き同社の主力を担うとした上で「国内の不動産市場は相当に値下がりしている,00001000000
14669,1,ダウ平均は4週連続で値上がりし1933年以来の好成績となった,00001000000
14951,0,日銀が発表した3月の企業物価指数（CGPI）速報では、国内企業物価指数（2005年＝100.0）が前年比2.2％低下となり、3カ月連続のマイナスとなった,00001000000
14952,0,日銀が発表した3月の企業物価指数（CGPI）速報では、国内企業物価指数（2005年＝100.0）が前年比2.2％低下となり、2月の1.6％低下に続き3カ月連続のマイナスとなった,00001000000
15181,1,4月の米ミシガン大消費者信頼感指数が改善したことや、ゼネラルエレクトリック（GE）(GE.N)やシティグループ(C.N)の決算が予想ほど悪化しなかったことを好感した,00001000000
15198,4,米国株式市場は4月の米ミシガン大消費者信頼感指数が改善したことや、ゼネラルエレクトリック（GE）(GE.N)やシティグループ(C.N)の決算が予想ほど悪化しなかったことを好感、小幅続伸した,00001000000
15306,2,また同副総裁は、09年の消費者物価指数（CPI）が上昇することを期待していると述べた,00001000000
15504,9,米国株式市場中盤の取引で、豚肉生産のスミスフィールドフーズSFD.Nは約12％、食肉生産大手タイソンフーズ(TSN.N)は約10％、ホーメルフーズ(HRL.N)は約2％、それぞれ値下がりした,00001000000
15519,5,業種別にみると、燃料小売業が石油製品の値下がりの影響で16.4％と大幅減少、自動車小売業は普通乗用車、小型車ともに不調で6.3％の減少、そのほか各種商品小売業、織物衣服身の回り品小売業、機械器具小売業などが押し下げに寄与した,00001000000
15555,3,20都市圏の価格動向を示す指数は、前月比の落ち込みがロイターのまとめたエコノミスト予想と比べ若干大きかったものの、前年比では予想よりも小幅な低下となった,00001000000
15555,4,主要10都市圏の価格動向を示す指数は前月比2.1％低下,00001000000
15556,0,米大手民間調査機関のコンファレンスボード（CB）が28日発表した4月の消費者信頼感指数は39.2と、2008年11月以降の最高水準となった,00001000000
15635,5,一方、消費者物価指数（除く生鮮食品）予測の中央値は2009年度が前年度比マイナス1.5％、2010年度は同マイナス1.0％と、いずれも1月時点の予測（同マイナス1.1％、同マイナス0.4％）からマイナス幅が拡大した,00001000000
15635,6,各政策委員が中長期的にみて物価が安定していると理解する物価上昇率「中長期的な物価安定の理解」については、消費者物価指数の前年比0─2％程度、中心値1％程度で、変更はなかった,00001000000
15635,12,また、消費者物価指数（除く生鮮食品）の前年比は、2009年度半ばまでにやや大きく下落した後、2009年度後半以降は下落幅が徐々に縮小していくとの見通しを示した,00001000000
15635,16,物価面では、景気の下振れリスクの顕現化、中長期的なインフレ予想の下振れなど、物価上昇率が想定以上に低下する可能性があるとした,00001000000
15635,17,一方、中長期的には世界経済が回復する過程において、現在の極めて景気刺激的な政策が維持された場合、一次産品価格が予想以上に上振れることなどにより、日本の物価上昇率が想定以上に上昇する可能性もあると言及した,00001000000
15669,0,内閣府は1日、3月の石油製品その他特殊要因除く消費者物価指数（コアコアCPI）が前年同月比プラス0.64％になったとの試算を発表した,00001000000
15675,17,内閣府の試算によれば、3月の石油製品その他特殊要因除く消費者物価指数（コアコアCPI）は前年比で0.64％上昇している,00001000000
15677,10,ただ、与謝野財務相は、原料資源価格の下落や為替の影響、消費が減退していることなど物価下落にはいろんな要因があると述べ、「大きくデフレの方に経済が振れたと消費者物価指数で判断するのは早計だ」と語った,00001000000
15741,0,全米リアルター協会（NAR）が4日発表した3月の住宅販売保留指数は2カ月連続で上昇し、住宅市場の底打ちは近いとの見方を支援する内容となった,10001000000
15756,3,欧州中央銀行（ECB）は、消費者物価指数（CPI）を前年比で2％をわずかに下回る水準まで引き上げたい、としている,00001000000
15761,7,バンクオブニューヨークメロンの通貨シニアストラテジスト、マイケルウールフォーク氏は「米株が幾分値下がりし、ドルは若干値を戻した」と述べた,00001000000
15920,7,中国で11日の発表予定は生産者物価指数（PPI）と消費者物価指数（CPI）,00001000000
15937,0,中国国家統計局が11日発表した4月の中国の消費者物価指数（CPI）は前年同月比1.5％の低下となり、3カ月連続で低下した,00001000000
15944,0,中国国家統計局が11日発表した4月の中国の消費者物価指数（CPI）は前年同月比1.5％の低下となり、3カ月連続で低下した,00001000000
15944,3,●近い将来に追加利下げがないこと示す数値＜国泰君安証券（上海）のアナリスト、JIANG CHAO氏＞われわれの見解では、消費者物価指数（CPI）は前年比では2月に既に底を打っている,00001000000
16031,5,原油の値上がりを受けてエネルギー株も買われ、エクソンモービル(XOM.N)は2.2％上昇した,00001000001
16138,0,日銀が15日午前8時50分に発表した4月の企業物価指数（CGPI）速報によると、国内企業物価指数（2005年＝100.0）は前年比3.8％低下となり、4カ月連続のマイナスとなった,00001000000
16143,0,日銀が15日発表した4月の企業物価指数（CGPI）速報によると、国内企業物価指数（2005年＝100.0）は前年比3.8％低下となり、4カ月連続のマイナスとなった,00001000000
16186,2,消費者物価指数（CPI）やミシガン大消費者信頼感指数などの経済指標を受けて米国の景気後退は緩和しつつあるとの期待が高まり、株価は序盤に上げたが、上昇を維持することはできなかった,00101000000
16207,3,米国では、4月の消費者物価指数（CPI）が前月比変わらず、鉱工業生産も減少ペースが前月から鈍化しており、景気後退（リセッション）の最悪期を脱したのではないかと指摘する声が出ている,10001000000
16288,0,英国立統計局が19日発表した4月の消費者物価指数（CPI）の上昇率は、前年比2.3％となり、前月の2.9％から鈍化,00001000000
16472,0,25日から始まる週の米国株式市場は、消費者信頼感指数や住宅販売、国内総生産（GDP）などの一連の経済指標によって、ここ数日薄れつつある景気への楽観的な見方が再び高まらなければ、一段と圧迫される可能性がある,10001000000
16564,4,主要10都市圏の価格動向を示す指数は前月比2.1％低下、前年比でもマイナス18.6％となった,00001000000
16566,0,米大手民間調査機関のコンファレンスボード（CB）が26日発表した5月の消費者信頼感指数は54.9と、前週の40.8（上方修正）から上昇した,00001000000
16568,4,主要10都市圏の価格動向を示す指数は前月比2.1％低下、前年比でもマイナス18.6％となった,00001000000
16574,8,米大手民間調査機関のコンファレンスボード（CB）が26日発表した5月の消費者信頼感指数は54.9と、前週の40.8（上方修正）から上昇,00001000000
16598,10,米大手民間調査機関のコンファレンスボード（CB）が26日発表した5月の消費者信頼感指数は54.9と、前週の40.8（上方修正）から上昇,00001000000
16710,12,内閣府によると、4月の石油製品その他特殊要因除く消費者物価指数（コアコアCPI）は、前年比で0.2％上昇と試算している,00001000000
16722,2,世界経済が今年後半に回復するとの期待感や、サウジアラビアによる強気の価格見通しを背景に、原油相場は月初来27％近く上昇している,00001000000
16756,2,商品（コモディティ）価格が値上がりするなか資源関連株が買われ、ドル安を背景にコカコーラ(KO.N)など国際銘柄も堅調だった,00001000000
16756,3,5月米ミシガン大消費者信頼感指数（確報値）が改善し、8カ月ぶりの高水準となったことも市場心理を明るくしたという,00001000000
16865,0,全米リアルター協会（NAR）が2日発表した4月の住宅販売保留指数は前月比6.7％上昇の90.3と予想を大幅に上回り、7年半ぶりの高い伸びを示した,10001000000
16869,4,全米リアルター協会（NAR）が2日に発表した4月の住宅販売保留指数は、前月比で7年半ぶりの高い伸びとなった,10001000000
16870,6,全米リアルター協会（NAR）が2日発表した4月の住宅販売保留指数は前月比6.7％上昇の90.3と予想を大幅に上回り、7年半ぶりの高い伸びを示した,10001000000
16885,5,また、消費者物価指数（CPI）の前年比については「夏場にかけてはマイナス2％強まで大きく下落する」と予想した,00001000000
16901,0,世界のハイテク業界とメディア業界の幹部は先週、サンディエゴ近郊で開催されたカンファレンスでオンラインビジネスの将来性について語り、インターネットをより身近にする新製品を売り込んだ,00001000000
16901,5,デジタル関連情報サイト「All Things Digital」が先週開催したカンファレンスにも参加した同氏は、インターネット上で新たなサービスを立ち上げた新興企業にとっては、収益化を考えるよりも、まずはユーザー獲得に注力するのが理にかなっていると指摘,00001000000
16901,10, カンファレンスで公演したNBCユニバーサルのジェフザッカー社長は、テレビ番組のインターネット配信に注力しているとし、フェースブックなどソーシャルネットワーキングサイト経由でのコンテンツ配信も可能性としてあり得ると述べた,00001000000
17016,4,消費者心理と購買意欲の手掛かりとして、小売売上高や消費者信頼感指数にも注目が集まる,10001010000
17016,8,最近の一貫した原油の値上がりは懸念を生み始めており、原油高による消費者への圧迫が景気回復を遅らせるとの声も一部で聞かれる,10001000001
17074,3,消費者物価指数（CPI）については、09年第4四半期に前年同期比0.5％低下した後、10年は1.6％上昇するとの予測が示された,00001000000
17089,0,景気回復への期待を背景に商品価格が値上がりしているが、アナリストの間では、現在の商品高にはファンダメンタルズ面の裏付けはなく、商品バブルの再来が懸念される、との声が出ている,10001000000
17121,0,日銀が発表した5月の企業物価指数（CGPI）速報によると、国内企業物価指数（2005年＝100.0）は前年比5.4％低下となり、5カ月連続のマイナスとなった,00001000000
17124,0,中国国家統計局が10日発表した5月の中国の消費者物価指数（CPI）は前年同月比1.4％の低下となり、4カ月連続で低下した,00001000000
17128,0,中国国家統計局が10日発表した5月の中国の消費者物価指数（CPI）は前年同月比1.4％の低下となり、4カ月連続で低下した,00001000000
17136,2,商品市場では、ドル下落や中国の需要拡大への期待を背景に、金属原油価格が値上がりしている,00001000000
17181,2,＜経済見通し＞欧米では景気回復の兆しが出てきたとの見方から長期金利が7カ月ぶりの高水準付近まで上昇、株価も値上がりしている,10101000100
17222,12,「物価見通し」については、日ごろ購入するものについて、今後1年間の物価上昇率について聞いている,00001000000
17256,0,15日から始まる週の米国株式市場では、経済回復への期待が偽りでないか見極めるため、5月の住宅着工件数や消費者物価指数（CPI）をはじめとする経済指標に注目が集まる見通し,10001000000
17258,8,ただ今週は5月の住宅着工件数や消費者物価指数（CPI）など米経済指標の発表が相次ぐ,10001000000
17416,9,消費者物価指数（CPI）は、2009年が0.5％の低下、2010年は0.4％上昇、2011年は0.3％上昇との見通しを示した,00001000000
17513,4,原油やその他商品先物の大幅な値下がりを嫌気して関連銘柄が下落,00001000001
17595,4,消費者物価指数（CPI総合）は、09年は前年比マイナス1.4％に大幅低下し、2010年も同マイナス1.4％と物価下落が継続する見通し,00001000000
17671,16,また、内閣府は26日、5月の石油製品その他特殊要因除く消費者物価指数（コアコアCPI）が前年比では0.1％低下との試算を発表,00001000000
17676,5,原油の値上がりを受けてエネルギー株が買われているほか、カンタス航空(QAN.AX)が上昇している,00001000001
17737,3,その上で「消費者物価指数（CPI）の前年比は足もとマイナスになっているが、この最大の要因は昨年同時期に石油製品の値段が上昇したからであって、夏場以降は石油製品価格の影響が薄れるにつれて次第にマイナス幅が縮小する」との見方を示し、「わが国経済はデフレスパイラルといった状況には直面していない」と強調した,00001000000
17803,0,米大手民間調査機関のコンファレンスボード（CB）が発表した6月の消費者信頼感指数は49.3と、前月の54.8（下方修正）から予想外に低下した,00001000000
17809,2,コンファレンスボード（CB）が発表した6月の消費者信頼感指数は49.3と、5月の54.8から低下した,00001000000
17810,4,アレクサンダートレーディングの代表、トムアレクサンダー氏は「消費者信頼感指数が、きょうの市場の材料になった」と指摘,00001000000
17813,7,米コンファレンスボード（CB）が発表した6月の消費者信頼感指数は49.3と、5月の54.8から低下,00001000000
17848,3,3月短観が発表された4月1日の終値との比較で、値下がりした業種は電力ガスと空運の2業種だけ,00001000000
17858,0,全米リアルター協会（NAR）が1日発表した5月の住宅販売保留指数は0.1％上昇の90.7となった,10001000000
18014,0,日銀が8日発表した6月の「生活意識に関するアンケート調査」（第38回）によると、現在の物価が1年前と比べ「かなり上がった」、「少し上がった」との回答は47.5％（3月調査66.6％）に低下、最近のデフレ気味の消費者物価指数とほぼ整合的な動きとなった,00001000000
18075,0,日銀が10日に発表した6月の企業物価指数（CGPI）速報によると、国内企業物価指数（2005年＝100.0）は前年比で6.6％低下し、6カ月連続のマイナスとなった,00001000000
18096,2,石油大手シェブロン(CVX.N) が前日に第2四半期業績について慎重な見通しを発表したほか、米ミシガン大消費者信頼感指数（速報値）が3月以来の水準に低下し、経済回復および第2四半期の企業業績が弱い内容になるとの見方が強まった,00001000000
18143,16,「物価見通し」については、日ごろ購入するものについて、今後1年間の物価上昇率について聞いている,00001000000
18199,11,「ポンドは中期的には対ユーロで値上がりすると見込んでいる」と述べた,00001000000
18228,9,一方、消費者物価指数（除く生鮮食品、コアCPI）の大勢見通しの中央値は2009年度が前年度比マイナス1.3％、2010年度は同マイナス1.0％となった,00001000000
18259,5,また同紙は、6月の消費者物価指数（CPI）は前年比1％超の低下、生産者物価指数（PPI）は同6％超の低下と報じた,00001000000
18263,3,これについて、バルマーCEOはニューオーリンズで開催されたカンファレンスで「敬意を表する」と切り出し、「クロームOSとかいうものは非常に興味深い,00001000000
18273,7,ベースメタルの値上がりを受けて鉱山株が買われている,00001000000
18379,8,両通貨は先週も、米ゴールドマンサックス(GS.N)やインテル(INTC.O)の好決算を受けて景気回復期待が広がったことを背景に、値上がりしていた,00001000000
18453,5,消費者物価指数は現在、水面下に潜っているが、山口副総裁は「大きな流れとしてはわれわれが物価が安定していると考える状態に向けて経済は進んでいくだろうと思っており、そうした判断に立つ限りは政策面からの追加的な対応が必要だとは認識していない」と重ねて強調した,00001000000
18622,9,ユーロは、ドイツの市場調査グループ、GｆKが27日発表した8月の消費者信頼感指数が7月から上昇したことにも支援された,00001000000
18633,3,6月の中国の消費者物価指数（CPI）は前年比で1.7％低下した,00001000000
18641,3,統計局は「全般的な観点から、消費者物価指数（CPI）は今年下期に安定化し、上昇に転じる可能性がある,00001000000
18661,0,米大手民間調査機関のコンファレンスボード（CB）が発表した7月の消費者信頼感指数は46.6と前月の49.3から低下した,00001000000
18661,7,消費者信頼感指数が2カ月連続で低下したことも脆弱（ぜいじゃく）さを示す新たな手がかりだ」と語った,00001000000
18667,1,消費者信頼感指数が予想以上に低下したものの、投資家は好調な決算に焦点を当てたことから、下げ幅を縮小する展開となった,00001000000
18667,8,米大手民間調査機関のコンファレンスボード（CB）が発表した7月の消費者信頼感指数は46.6と前月の49.3から低下し、市場予想の49.0を下回った,00001000000
18672,7,米大手民間調査機関のコンファレンスボード（CB）が発表した7月の消費者信頼感指数は46.6と前月の49.3から低下し、市場予想の49.0を下回った,00001000000
18678,4,しかしその他の業種は低調で、石油製品価格の値下がりなどから「燃料小売業」が前年比5.5％減少、環境対応車に動きがあったものの既存車種が低調だった「自動車小売業」が0.5％減少、化粧品など「その他小売業」も3.9％減少した,00001000000
18750,19,また、ある外資系証券の関係者は「米失業率は増加傾向が続き、消費者信頼感指数も振るわない,00001000000
18758,2,日銀はかつて、消費者物価指数（除く生鮮食品）の前年比上昇率が安定的にゼロ％以上となるまで金融緩和措置を継続する「時間軸政策」を採用していた,00001000000
18794,5,外国パック旅行やパソコンなど耐久財の値下がりなどで、食料（酒類を除く）およびエネルギーを除く総合指数も前年比で0.7％低下した,00001000000
18794,11,農林中金総合研究所主任研究員の南武志氏は、日銀が「中長期的な物価安定の理解」として提示している物価上昇率の下限を大きく割り込んだ状況だと指摘,00001000000
18809,4,消費者物価指数（CPI）の下落は材料視されなかった,00001000000
18827,0,欧州委員会は31日、ユーロ圏のインフレ率は年内にプラスに転じる見通しだとして、消費者物価指数（CPI）の下落は一時的な現象だ、との考えを示した,00001000000
18938,0,全米リアルター協会（NAR）が4日発表した6月の住宅販売保留指数は前月比で予想を上回る3.6％上昇の94.6となった,10001000000
18940,0,全米リアルター協会（NAR）が4日発表した6月の住宅販売保留指数は前月比3.6％上昇の94.6と予想を上回り、住宅市場が約3年に及ぶ低迷から脱出し始めたことを示す一段の兆候となった,10001000000
18943,3,この日発表された6月の個人消費支出は増加し、6月の住宅販売保留指数は予想よりも大幅に上昇した,10001000000
18961,12,6月の個人消費支出が増加し、6月の住宅販売保留指数は予想よりも大幅に上昇したが、個人所得は4年半ぶりの大幅な落ち込みとなった,10001010000
18968,7,6月米個人消費支出は増加し、6月の住宅販売保留指数は予想よりも大幅に上昇した,10001000000
19079,0,10日から始まる週の米国株式市場は、米経済が回復に向かっているとの見方が強まるなか、上昇が続く可能性があるものの、小売企業の決算や消費者物価指数（CPI）、その他の消費者関連指標が内容次第では圧迫要因になる可能性もある,00001000000
19123,11,10年の食品とエネルギーを除いた消費者物価指数の伸びは、09年に比べ若干減速するとみられている,00001000000
19173,0,日銀が12日午前8時50分に発表した7月の企業物価指数（CGPI）速報によると、国内企業物価指数（2005年＝100.0）は前年比で8.5％低下し、2カ月連続で過去最大のマイナスを更新した,00001000000
19174,3,日銀が発表した7月の企業物価指数（CGPI）速報によると、国内企業物価指数（2005年＝100.0）は前年比で8.5％低下（予測は8.7％低下）し、2カ月連続で過去最大のマイナスを更新した,00001000000
19178,0,日銀が発表した7月の企業物価指数（CGPI）速報によると、国内企業物価指数（2005年＝100.0）は102.9となり、前年比では8.5％低下し、6月確報（6.7％低下）に続き2カ月連続で過去最大の下落率を記録した,00001000000
19280,1,米ミシガン大消費者信頼感指数が予想外に低下し景気回復をめぐる懸念が強まった,10001000000
19290,1,前週末14日の米株が弱い消費者信頼感指数を嫌気して反落したほか、足元でドル／円が1ドル94円台とやや円高で推移しており、外部環境はいまひとつ,00001000000
19337,17,米国では7月の小売売上高が予想外に減少したことに続き、14日に発表された8月の米ミシガン大消費者信頼感指数も低下したが、同関係者は「弱かったのはこの2つの指標だけ,10001000000
19339,16,バリュエーション的には今すぐではない」として、案件の価格動向を見極めながら検討していく姿勢を示した,00001000000
19419,0,今月急落している中国株式市場は、昨年の景気減速に先立って急落し、今年の景気回復に先んじて値上がりしていた,10001000000
19581,0,米大手民間調査機関のコンファレンスボード（CB）が発表した8月の消費者信頼感指数は54.1と前月から上昇し、アナリスト予想の47.5を上回った,00001000000
19584,5,市場筋は、原油は年初来65％超値上がりしており、利益確定の好機とみられていると述べた,00001000001
19585,7,米大手民間調査機関のコンファレンスボード（CB）が発表した8月の消費者信頼感指数は54.1と前月から上昇し、アナリスト予想の47.5を上回った,00001000000
19585,9,消費者信頼感指数と企業決算を受けて小売り株が買われた,00001000000
19601,6,特に、米株が今月中旬に調整した局面では、予想を下回った8月米ミシガン大消費者信頼感指数がきっかけになっただけに、コンファレンスボード（CB）が発表した8月の米消費者信頼感指数が予想を上回ったことは消費への懸念を打ち消す意味でも大きかったはずだが、25日の米株は引けにかけて高値から押し戻され「好材料の割に伸び悩んだ印象」（国内投信情報担当者）を与えた,00001000000
19703,0,韓国の鉄鋼大手ポスコ(005490.KS)は28日、国際市況の改善や原材料価格の値上がりへの対応として、ステンレス鋼の価格を最大13％値上げすると発表した,00001000000
19703,2,熱間圧延ステンレス鋼は9月から1トン当たり40万ウォン（13％）値上がりし同340万ウォン（2732ドル）,00001000000
19703,3,冷間圧延ステンレス鋼も40万ウォン（12％）値上がりし367万ウォンとなる,00001000000
19711,1,弱い消費者信頼感指数が相場を圧迫し、デルDELL.Oやインテル(INTC.O)の明るいニュースを打ち消した,00001000000
19712,10,8月の米ミシガン大消費者信頼感指数（確報値）が4か月ぶりの低水準となったことを受けて景気回復を疑問視する見方が広がり、米株が軟調となったことが背景となった,10001000000
19774,3,ガソリン価格の下落は原油の値下がりを反映している,00001000001
19818,0,全米リアルター協会（NAR）が1日発表した7月の住宅販売保留指数は前月比3.2％上昇の97.6と、2007年6月以来2年ぶりの高水準となった,10001000000
19855,9,また、全米リアルター協会（NAR）が1日発表した7月の住宅販売保留指数は2007年6月以来、2年ぶりの高水準となった,10001000000
19859,0,民主党の大塚耕平政調副会長は2日、ロイターとのインタビューに応じ、消費者物価指数（CPI）が過去最大の下落を記録している日本経済の現状について、現象面としてデフレが起きていることは否めない、との認識を示した,00001000000
19978,13,円はその他の主要通貨に対しても値下がりし、ポンドは0.8％高、豪ドルは1.8％高となった,00001000000
20078,6,ドルが対ユーロで年初来安値に下落したことを受けて原油や金が値上がりし、シェブロン(CVX.N)は2％超、フリーポートマクモラン(FCX.N)は3％、それぞれ上昇,00001000001
20128,0,日銀が発表した8月の企業物価指数（CGPI）速報によると、国内企業物価指数（2005年＝100.0）は前年比で8.5％低下し、8カ月連続のマイナスとなった,00001000000
20128,12,日銀は「川上で値上がりし、製品で値下がりするという価格の二面性の動きが引き続きみられる」と説明,00001000000
20193,13,「物価見通し」については、日ごろ購入するものについて、1年後の物価上昇率について聞いている,00001000000
20213,1,9月の米ミシガン大消費者信頼感指数は予想を上回り、宅配大手フェデックス(FDX.N)は利益見通しを引き上げたが、アナリストからは最近の明るいニュースに慣れた株式市場では一段の買い手掛かりとはならなかったとの声が聞かれた,00101000000
20217,1,9月の米ミシガン大消費者信頼感指数は好調な内容だったものの、米株式や原油価格の下落を受けて安全資産として円が買われた,00001000001
20359,0,米労働省が発表した8月の消費者物価指数（CPI）は、ガソリン価格の上昇を背景に総合指数が前月比で0.4％上昇した,00001000000
20414,9,各国とも経済の需給バランスが改善し、望ましい物価上昇率の水準、その水準自体は国によって異なるが、そうした水準に戻るまでには、かなり時間がかかるとの見方をしている,00001000000
20415,7,消費者物価指数（CPI）については、2009年は0.5％の低下との予想を維持,00001000000
20419,12,消費者物価指数（CPI）については、2009年は0.5％の低下との予想を据え置いた,00001000000
20480,1,証券会社の投資判断引き上げを手がかりに米日用品大手プロクターアンドギャンブル（P&G）(PG.N)や大手住宅建設株が値上がりした,00001000000
20555,5,原油の値下がりを受けてS&Pエネルギー株指数も2％下落した,00001000001
20750,14,このため内閣府が発表した8月の石油製品その他特殊要因除く消費者物価指数（コアコアCPI）は、前年比で0.75％低下し、これまでより下落幅が拡大した,00001000000
20756,0,9月米コンファレンスボード（CB）消費者信頼感指数に対する市場関係者の反応は以下の通り,00001000000
20757,0,米大手民間調査機関のコンファレンスボード（CB）が発表した9月の消費者信頼感指数は53.1で前月の54.5から予想外に低下した,00001000000
20760,5,市場は上昇して始まったものの、米大手民間調査機関のコンファレンスボード（CB）が発表した9月の消費者信頼感指数が53.1と前月の54.5から予想外に低下したことを受け、家計をめぐる懸念が高まった,00001000000
20761,4,コンファレンスボード （CB）が発表した9月の消費者信頼感指数は53.1で前月の54.5から低下した,00001000000
20997,4,景気に対する楽観的な見方を背景に商品相場が値上がりし、石油資源銘柄が上昇,00001000000
21013,0,著名投資家のジムロジャーズ氏は7日、前日に史上最高値をつけた金について、当面は買いを手控えると述べた上で、長期的に見てまだ値上がりの余地があるとの見方を示した,00001000000
21041,0,米連邦準備理事会（FRB）が発表した8月の消費者信用残高は前月比119億8000万ドル減の2兆4600億ドルと、減少幅が予想を上回った,00001000000
21041,5,消費者信用残高は7カ月連続で減少した,00001000000
21090,11,アメリカンイーグルアウトフィッターズ(AEO.N)やアバクロンビーなどの株価も値上がりした,00101000000
21212,0,英国立統計局が13日発表した9月の消費者物価指数（CPI）は前年同月比1.1％上昇と、事前予想を下回り、2004年9月以来5年ぶりの低い伸びとなった,00001000000
21231,0,日銀が発表した9月の企業物価指数（CGPI）速報によると、国内企業物価指数は前年比で7.9％低下し、9カ月連続のマイナスとなった,00001000000
21231,8,石油石炭製品が上昇に最も寄与し、ガソリンのほか産業向けのA重油なども値上がりした,00001000000
21246,22,「物価見通し」については、日ごろ購入するものについて、1年後の物価上昇率について聞いている,00001000000
21280,0,タイ株式市場が連日で大幅に値下がりしている,00001000000
21360,1,バンクオブアメリカ（バンカメ）(BAC.N)の決算が大幅な赤字になったほか、ミシガン大消費者信頼感指数が弱い内容になったことで、リスクの高い高利回り通貨への需要が後退した,00001000000
21499,9,＜望ましい物価上昇率に復するまで、かなり時間要する＞世界経済については「昨年春頃から、金融危機に伴う急性症状は一服に向かい、このところ持ち直している」としたうえで日本経済については「持ち直している」とし、先行きについても「緩やかな持ち直し基調を続ける」と述べた,00001000000
21502,5,その後、世界的な景気後退に伴う需要低迷で値下がりしたが、このところ再び上昇傾向にある,00001000000
21502,7,このところじりじり値上がりしており、少し気がかりだ」と述べた,00001000000
21553,3,消費者物価指数（CPI）上昇率はまだマイナスなので、直ちに政策が変更されることはないだろう,00001000000
21568,9,30日に公表する「経済物価情勢の展望」（展望リポート）では、消費者物価指数（除く生鮮食品）予測が2011年度まで3年連続でマイナスとなる見通し,00001000000
21639,9,消費者物価指数（除く生鮮食品）予測は2011年度まで3年連続でマイナスとなる公算が大きく、日銀は超低金利政策を維持することで粘り強く景気を下支えていく方針をあらためて示す見通しだ,00001000000
21722,0,27日ロイター］日銀は10月30日に公表する「経済物価情勢の展望」（展望リポート）で、消費者物価指数（除く生鮮食品、コアCPI）予測を2011年度まで3年連続でマイナスとする見通しだ,00001000000
21728,9,主要10都市圏の価格動向を示す指数は、前月比1.3％上昇、前年比で10.6％低下した,00001000000
21730,0,米大手民間調査機関のコンファレンスボード（CB）が発表した10月の消費者信頼感指数は47.7と、前月の53.4から低下した,00001000000
21731,0,米大手民間調査機関のコンファレンスボード（CB）が発表した10月の消費者信頼感指数は47.7と、前月の53.4から低下した,00001000000
21733,1,このところ値上がりしていたハイテク株に利益確定の売りが出た,00001000000
21733,2,米コンファレンスボードの消費者信頼感指数が予想以上に低下したことは、個人支出をめぐる警戒感につながった,00001000000
21735,1,米大手民間調査機関コンファレンスボード（CB）が発表した10月の消費者信頼感指数が大幅に低下したことを受け、資金の安全な逃避先として買いが集まった,00001000000
21735,6,消費者信頼感指数は8カ月ぶりの大幅な低下となり、エコノミスト予想を下回った,00001000000
21736,11,10月のコンファレンスボード（CB）消費者信頼感指数が予想以上に低下したことで米債価格が上昇、懸念されていた金利上昇が一服したことは好材料だが、日本に先んじて決算発表を終えた米国では調整局面入りの懸念もあるという,00001000000
21786,6,豪ドルは第3 四半期の消費者物価指数（CPI）統計を受けた下げ圧力もあり、対米ドルで2％下落した,00001000000
21808,13,消費者信頼感指数や新築住宅販売など足元の米マクロ指標が予想を下回ったことで、米国景気は減速懸念が高まっている,00001000000
21868,1,政策委員8人（1人欠員）が予測する消費者物価指数（除く生鮮食品）予測の中央値は、2011年度が前年比マイナス0.4％となり、2009年度の同マイナス1.5％（7月時点は同マイナス1.3％）、2010年度の同マイナス0.8％（7月時点は同マイナス1.0％）に続き、3年連続のマイナス見通しとなった,00001000000
21882,3,日銀が同日発表した「経済物価情勢の展望」（展望リポート）は、政策委員8人が予測する2011年度の消費者物価指数（除く生鮮食品、コアCPI）見通しの中央値が前年比マイナス0.4％と、3年連続のマイナス見通しとなった,00001000000
21899,8,10月の米シカゴ購買部景気指数が予想以上に改善する一方、10月の米ミシガン大消費者信頼感指数（確報値）は前月から低下し、相場を圧迫した,00001000000
21902,12,10月の米ミシガン大消費者信頼感指数（確報値）は前月から低下した,00001000000
21911,9,30日発表の「経済物価情勢の展望」（展望リポート）では、消費者物価指数（除く生鮮食品）見通しが2011年度まで3年連続でマイナスとなったが、白川総裁は、経済が持ち直していることから「同じ金利水準の下でも、金融緩和の力は高まっている」と述べ、さらなる政策対応に慎重な見方を示した,00001000000
21968,12,ユーロは一時1.4728ドルまで値下がりした,00001000000
21970,13,サムスン経済研究所が10月発表したリポートによると、北朝鮮では農産物価格が高騰しており、コメ1キロが労働者の1カ月の賃金に相当する値段に値上がりしたという,00001000000
22073,7,＜緩やかな巻き戻し＞エージェンシー債、米国債、モーゲージ債（MBS）市場の価格動向はひとえにFRBの買い入れにかかっているため、FRBがいかに「量的緩和」の出口戦略を進めていくかは投資家の間でホットな話題だった,00001000000
22082,8,会見した寺東一郎副社長は、デジカメの価格動向について「もちろん下がってはいるが、大きく下がっていない」と述べた,00001000000
22135,15,ミシガン大消費者信頼感指数では、期待インフレ率の調査も実施している,00001000000
22137,9,一方、日銀が10月30日に公表した「経済物価情勢の展望」（展望リポート）では、消費者物価指数（除く生鮮食品）予測が2011年度まで3年連続でマイナス見通しとなったが、山口副総裁は、日本の金融システムと家計企業のインフレ予想が安定していることから「物価下落が起点となって、景気を下押しする可能性は小さい」とあらためて強調した,00001000000
22201,2,金融政策については、消費者物価指数（CPI、除く生鮮食品）が前年比で0―2％程度になるまで現在の金融政策の継続を求めた,00001000000
22264,12,日中は為替動向のほか、9月機械受注、中国の消費者物価指数など経済指標が注目される,00001000000
22318,0,日銀が発表した10月の企業物価指数（CGPI）速報によると、国内企業物価指数（2005年＝100.0）は前年比で6.7％低下し、10カ月連続のマイナスとなった,00001000000
22373,3,来年の成長率については、8％を上回ることは間違いないだろうが、インフレリスクが高まることはなく、消費者物価指数の上昇率はおそらく2.5％程度になるだろう、と述べた,00001000000
22382,9,＜日本国債の曲率傾斜化か＞日銀公表の「経済物価情勢の展望」（展望リポート）では、政策委員8人（1人欠員）が予測する消費者物価指数（除く生鮮食品）中央値は、2011年度が前年比マイナス0.4％となり、2009年度の同マイナス1.5％（7月時点は同マイナス1.3％）、2010年度の同マイナス0.8％（7月時点は同マイナス1.0％）に続いて3年連続のマイナスとなる見通し,00001000000
22417,1,この日発表された米経済指標で貿易赤字が拡大する一方、消費者信頼感指数が予想以上に低下したことを受け、米国の景気回復はほかの国よりもペースが遅いのではないかとの見方が強まった,10001100000
22438,2,16日からの週は、10月の小売売上高、消費者物価指数（CPI）、住宅着工件数など一連の経済指標が注目材料になる見通し,10001000000
22444,11,それでも取引一巡後は株価が値下がりする一方、債券市場で国債先物が買われる場面があったのは、大型増資への懸念が根強いことが背景にあると専門家は指摘する,00101000000
22513,0,英国立統計局が17日発表した10月の消費者物価指数（CPI）は前月比0.2％上昇、前年比では1.5％上昇した,00001000000
22620,5,金融政策については、物価上昇率が確実にプラスになるまで、日銀は現行の超低金利を維持しつつ、量的緩和措置を効果的に実施するという強いコミットメントを通じ、デフレと闘うべきであると提言した,00001000000
22643,15,経済協力開発機構（OECD）は19日、「エコノミックアウトルック」のなかで、日本の金融政策について、物価上昇率が確実にプラスになるまで、日銀は現行の超低金利を維持しつつ、量的緩和措置を効果的に実施するという強いコミットメントを通じ、デフレと闘うべきであると提言した,00001000000
22654,12,経済協力開発機構（OECD）は19日、「エコノミックアウトルック」のなかで、日本の金融政策について、物価上昇率が確実にプラスになるまで、日銀は現行の超低金利を維持しつつ、量的緩和措置を効果的に実施するという強いコミットメントを通じ、デフレと闘うべきであると提言した,00001000000
22656,5,経済協力開発機構（OECD）は19日、物価上昇率が確実にプラスになるまで、日銀は現行の超低金利を維持しつつ、量的緩和措置を効果的に実施するという強いコミットメントを通じ、デフレと闘うべきであると提言した,00001000000
22658,4,経済協力開発機構（OECD）は19日、物価上昇率が確実にプラスになるまで、日銀は現行の超低金利を維持しつつ、量的緩和措置を効果的に実施するという強いコミットメントを通じ、デフレと闘うべきであると提言した,00001000000
22758,4,主要10都市圏の価格動向を示す指数は前月比0.4％上昇、前年比では8.5％低下した,00001000000
22801,0,ロイター／ミシガン大学が調査した11月の消費者信頼感指数（確報値）は67.4で、速報段階の66.0から若干改善したものの、前月の70.6を引き続き下回った,00001000000
22833,3,＜10月30日に始まっていた政府と日銀の前しょう戦＞議事要旨では、日銀が30日に公表した「展望リポート」で2011年度まで3年連続で消費者物価が下落するとの予想に対し、財務省の野田佳彦財務副大臣は「長期間にわたって物価上昇率がマイナスとなると見込まれる中、実質利子率の高止まりや予想物価上昇率の下振れリスクへの対応を含め、日銀がどのように取り組まれていくのか、明確なスタンスをお示しいただきたい」と詰め寄った,00001000000
22870,6,全国の総合指数は、生鮮食品の値下がりなどを背景に前年比2.5％低下となり、過去最大の下落率を更新した,00001000000
22878,5,27日の株式市場でこの影響が直撃するとみられたゼネコン各社の株価は、大林組(1802.T)が東証1部で値下がり第1位となったのをはじめ、大手4社が値下がり上位にランクイン,00101000000
22890,0,10月の消費者物価指数（生鮮食品を除く総合、コアCPI）は前年比でマイナス幅を縮小させたが、より実勢を把握できるとしてエコノミストが注目する欧米型コアCPIが過去最大に並ぶ下落率になるなど、デフレ圧力は根強い,00001000000
22943,7,＜物価の見通し＞消費者物価指数の前年比は今後も石油製品高騰の影響が薄れるため、来年初にかけてマイナス1％程度まで縮小する可能性が高い,00001000000
23018,0,全米リアルター協会（NAR）が1日発表した10月の住宅販売保留指数は前月比3.7％上昇の114.1と、2006年3月以来3年半ぶりの高水準となり、住宅市場が順調に回復しつつあることを示唆した,10001000000
23019,6,この日発表された10月の住宅販売保留指数は3年半ぶりの高水準となり、ダウ住宅建設株指数は1.3％上昇した,10001000000
23037,6,＜物価下落長引けばデフレスパイラルのリスク＞須田委員は、消費者物価指数（除く生鮮食品）の前年比について「前年の石油製品価格高騰の反動の影響が薄れていくに従って比較的速いペースでマイナス幅を縮小させ、年末にかけてマイナス1％程度になる」との見通しを示した,00001000000
23072,18,売上高が減少する中でも、コスト削減や原材料の値下がりなどが寄与した,00001000000
23186,8,需給ギャップはなお大きく、輸入物価も大幅に低下するなかで、生鮮食品を除く消費者物価指数（コアCPI）は大幅に低下している,00001000000
23187,3,消費者物価指数（CPI）上昇率については、約2％で落ち着くと予想,00001000000
23208,8,同発言でドルや米国債の価格は値下がりし、株価は一時的に値上がりした,00101000000
23211,8,同発言でドルや米国債の価格は値下がりし、株価は一時的に値上がりした,00101000000
23379,1,消費者物価指数（CPI）上昇率も前年比でプラスに転じた,00001000000
23398,0,ロイター／ミシガン大学が調査した12月の消費者信頼感指数（速報値）は73.4と前月から改善、市場予想の68.5を上回り、今年9月（73.5）以来の高水準となった,00001000000
23525,12,その際は、消費者物価指数（CPI）の前年比でみて0─2％程度となっている、政策委員が中長期的にみて物価が安定していると理解する物価上昇率（中長期的な物価安定の理解）のあり方が議論として浮上する可能性もありそうだ,00001000000
23561,9,米労働省が発表した11月の消費者物価指数（CPI）は、総合指数が前月比プラス0.4％でアナリスト予想と一致,00001000000
23624,1,その上で、金融政策運営にあたり、各政策委員が、中長期的にみて物価が安定していると理解する物価上昇率の表現を「消費者物価指数の前年比で2％以下のプラスの領域にあり、委員の大勢は1％程度を中心と考えている」とし、これまでの「0─2％程度の範囲内にあり、委員毎の中心値は大勢として、1％程度になっている」から変更した,00001000000
23625,0,日銀は1718日開催の金融政策決定会合で、金融政策運営にあたり、各政策委員が、中長期的にみて物価が安定していると理解する物価上昇率について「消費者物価指数の前年比で2％以下のプラスの領域にあり、委員の大勢は1％程度を中心と考えている」と表現を変更した,00001000000
23628,1,その上で、中長期的にみて物価が安定していると理解する物価上昇率について「消費者物価指数の前年比で2％以下のプラスの領域にあり、委員の大勢は1％程度を中心と考えている」と表現を変更した,00001000000
23628,3,●量的緩和レジームに回帰＜バークレイズキャピタル証券チーフストラテジスト森田長太郎氏＞金融政策運営にあたり各政策委員が、中長期的にみて物価が安定していると理解する物価上昇率の表現を「消費者物価指数の前年比で2％以下のプラスの領域にあり、委員の大勢は1％程度を中心と考えている」とし、これまでの「0─2％程度の範囲内にあり、委員毎の中心値は大勢として、1％程度になっている」から変更した,00001000000
23631,14,日銀は金融政策運営にあたり各政策委員が、中長期的にみて物価が安定していると理解する物価上昇率の表現を「消費者物価指数の前年比で2％以下のプラスの領域にあり、委員の大勢は1％程度を中心と考えている」とし、これまでの「0─2％程度の範囲内にあり、委員毎の中心値は大勢として、1％程度になっている」から変更した,00001000000
23640,0,日銀の白川方明総裁は18日、金融政策決定会合後の記者会見で、各政策委員が中長期的にみて物価が安定していると理解する物価上昇率（中長期的な物価安定の理解）の表現を変更したことについて、時間軸効果を狙っているわけではないと述べ、あくまで市場などの誤解を解くことが目的だとの認識を示した,00001000000
23640,3,これまでの「消費者物価指数の前年比でゼロ─2％程度の範囲内にあり、委員毎の中心値は大勢として、1％程度になっている」から、「消費者物価指数の前年比で2％以下のプラスの領域にあり、委員の大勢は1％程度を中心と考えている」と表現を変更した,00001000000
23640,7,日銀は過去に、消費者物価指数（全国、除く生鮮食品）の前年比上昇率に焦点を当てた「時間軸政策」を採用していたことがあったが、白川総裁は「先行きの金融政策運営について、何らかのコミットメントを行うという意味での時間軸政策とは異なる」と指摘,00001000000
23645,0,日銀の白川方明総裁は18日、金融政策決定会合後の記者会見で、各政策委員が中長期的にみて物価が安定していると理解する物価上昇率（中長期的な物価安定の理解）の表現を変更したことについて、時間軸効果を狙っているわけではないと述べ、あくまで市場などの誤解を解くことが目的だ、との認識を示した,00001000000
23645,3,これまでの「消費者物価指数の前年比でゼロ─2％程度の範囲内にあり、委員毎の中心値は大勢として、1％程度になっている」から、「消費者物価指数の前年比で2％以下のプラスの領域にあり、委員の大勢は1％程度を中心と考えている」と表現を変更した,00001000000
23669,4,週末には消費者物価指数の発表もあり、日銀が表明した新たな「物価安定の理解」をめぐって追加緩和策への市場の見方に変化があるかどうかも見逃せない,00001000000
23707,1,ただ物価上昇率が低いため、連邦準備理事会（FRB）には緩和的な金融政策を長期間維持する余地があるとも述べた,00001000000
23816,8,週足ではダウが1.9％、S&P500が2.2％、ナスダックが3.4％、それぞれ値上がりした,00101000000
23818,1,前日は米住宅統計が弱い数字となったことで値を下げたが、この日もこれまでの値上がりを受けて利食い売りが出ている,00001000000
23883,14,みずほ証券投資情報部マーケットアナリストの高橋幸男氏は「米国では29日に12月の消費者信頼感指数や週間チェーンストア売上高でクリスマス商戦の状況が示唆されるほか、10月のS&Pケースシラー米住宅価格指数も発表される,00001000000
23897,12,原油の値上がりを好感してエネルギー株が買われ、エクソンモービル(XOM)は0.6％高,00001000001
23919,0,ドイツ連邦統計庁が29日発表した12月の消費者物価指数（CPI）速報値は前年比がプラス0.8％と、ロイターがまとめたエコノミスト予想のプラス0.7％を上回った,00001000000
23920,0,米大手民間調査機関のコンファレンスボード（CB）が発表した12月の消費者信頼感指数は52.9と前月の50.6（修正）から上昇し、3カ月ぶりの高水準となった,00001000000
23921,4,主要10都市圏の価格動向を示す指数も前月比で変わらず,00001000000
23926,4,コンファレンスボード（CB）が発表した12月の消費者信頼感指数は52.9に上昇し、3カ月ぶりの高水準を記録,00001000000
23928,1,12月の消費者信頼感指数が上昇したことなどが好感され対円では2カ月ぶりの高値を付けた,00001000000
23928,4,この日発表された12月の消費者信頼感指数が上昇し3カ月ぶりの高水準となり、ドルを支援した,00001000000
23928,5,GFTの通貨担当調査部長ボリスシュロスバーグ氏は「消費者信頼感指数が良好な内容だった,00001000000
